airline,source,dest,stops
2O,ADQ,KLN,0
2O,ADQ,KOZ,0
2O,ADQ,OLH,0
2O,KLN,KYK,0
2O,KOZ,ORI,0
3E,BRL,ORD,0
3E,BRL,STL,0
3E,DEC,ORD,0
3E,DEC,STL,0
3E,JBR,STL,0
3E,ORD,BRL,0
3E,ORD,DEC,0
3E,STL,BRL,0
3E,STL,DEC,0
3E,STL,JBR,0
3M,ATL,LWB,0
3M,ATL,MCN,0
3M,ATL,MEI,0
3M,ATL,MSL,0
3M,ATL,PIB,0
3M,ATL,TUP,0
3M,EYW,FLL,0
3M,EYW,RSW,0
3M,EYW,TPA,0
3M,FLL,BIM,0
3M,FLL,ELH,0
3M,FLL,EYW,0
3M,FLL,FPO,0
3M,FLL,GGT,0
3M,FLL,GHB,0
3M,FLL,MCO,0
3M,FLL,MHH,0
3M,FLL,TCB,0
3M,FLL,TPA,0
3M,GLH,TUP,0
3M,GNV,MCO,0
3M,GNV,TPA,0
3M,JAX,MHH,0
3M,JAX,TPA,0
3M,LWB,ATL,0
3M,MCN,ATL,0
3M,MCN,MCO,0
3M,MCO,FLL,0
3M,MCO,GNV,0
3M,MCO,MCN,0
3M,MCO,MHH,0
3M,MCO,PNS,0
3M,MCO,RSW,0
3M,MCO,TLH,0
3M,MEI,ATL,0
3M,MSL,ATL,0
3M,PIB,ATL,0
3M,PNS,MCO,0
3M,PNS,TPA,0
3M,RSW,EYW,0
3M,RSW,MCO,0
3M,TLH,MCO,0
3M,TLH,TPA,0
3M,TPA,EYW,0
3M,TPA,FLL,0
3M,TPA,GNV,0
3M,TPA,JAX,0
3M,TPA,PNS,0
3M,TPA,TLH,0
3M,TUP,ATL,0
3M,TUP,GLH,0
4B,LAS,LAX,0
4B,LAX,LAS,0
4E,MCG,NIB,0
4E,MCG,TCT,0
4E,NIB,MCG,0
4E,TCT,TLJ,0
4M,DFW,EZE,0
4M,JFK,EZE,0
4M,MIA,EZE,0
4M,MIA,PUJ,0
4O,JFK,MEX,0
4O,LAS,MTY,0
4O,LAS,TLC,0
4O,MIA,MEX,0
4O,SAT,GDL,0
4O,SAT,MEX,0
4O,SAT,MTY,0
4O,SAT,TLC,0
4O,SNA,GDL,0
4O,SNA,MEX,0
4W,AKP,FAI,0
4W,BTT,AKP,0
4W,BTT,CXF,0
4W,CEM,IRC,0
4W,CIK,FAI,0
4W,CIK,FYU,0
4W,FAI,BTT,0
4W,FAI,CEM,0
4W,FAI,CIK,0
4W,FAI,FYU,0
4W,FAI,MLY,0
4W,FAI,RMP,0
4W,FAI,SVS,0
4W,FAI,TAL,0
4W,FAI,WBQ,0
4W,FYU,CIK,0
4W,FYU,FAI,0
4W,IRC,FAI,0
4W,MLY,MNT,0
4W,MNT,FAI,0
4W,RMP,FAI,0
4W,SVS,FAI,0
4W,SVS,WBQ,0
4W,TAL,FAI,0
4W,WBQ,FAI,0
4W,WBQ,SVS,0
4Y,AKI,TLT,0
4Y,ATT,KUK,0
4Y,BET,ATT,0
4Y,BET,EEK,0
4Y,BET,GNU,0
4Y,BET,KPN,0
4Y,BET,KWN,0
4Y,BET,KWT,0
4Y,BET,MLL,0
4Y,BET,NME,0
4Y,BET,WNA,0
4Y,BET,WTL,0
4Y,CYF,BET,0
4Y,EEK,BET,0
4Y,EEK,KWN,0
4Y,GNU,PTU,0
4Y,KKH,KWK,0
4Y,KKI,AKI,0
4Y,KPN,CYF,0
4Y,KUK,NUP,0
4Y,KWK,BET,0
4Y,KWN,BET,0
4Y,KWN,EEK,0
4Y,KWT,KKI,0
4Y,MLL,PQS,0
4Y,NME,OOK,0
4Y,NUP,BET,0
4Y,OOK,TNK,0
4Y,PKA,BET,0
4Y,PQS,BET,0
4Y,PTU,BET,0
4Y,TLT,BET,0
4Y,TNK,WWT,0
4Y,WNA,PKA,0
4Y,WTL,KKH,0
4Y,WWT,BET,0
7H,ABL,OTZ,0
7H,ABL,SHG,0
7H,ADQ,ANC,0
7H,AIN,ATK,0
7H,AIN,BRW,0
7H,AKI,KKI,0
7H,ANC,ADQ,0
7H,ANC,ANI,0
7H,ANC,BET,0
7H,ANC,CDV,0
7H,ANC,ENA,0
7H,ANC,FAI,0
7H,ANC,HOM,0
7H,ANC,KSM,0
7H,ANC,UNK,0
7H,ANC,VDZ,0
7H,ANI,ANC,0
7H,ANI,CHU,0
7H,ANI,HCR,0
7H,ANI,KLG,0
7H,ANI,RSH,0
7H,ANI,SHX,0
7H,ANV,HCR,0
7H,ANV,KGX,0
7H,ATK,AIN,0
7H,ATK,BRW,0
7H,ATT,BET,0
7H,AUK,EMK,0
7H,AUK,SXP,0
7H,BET,ANC,0
7H,BET,CYF,0
7H,BET,HPB,0
7H,BET,KKH,0
7H,BET,KLG,0
7H,BET,KUK,0
7H,BET,KWK,0
7H,BET,OOK,0
7H,BET,PQS,0
7H,BET,TLT,0
7H,BET,VAK,0
7H,BKC,DRG,0
7H,BKC,OTZ,0
7H,BRW,AIN,0
7H,BRW,ATK,0
7H,BRW,NUI,0
7H,BRW,PIZ,0
7H,BTI,FYU,0
7H,BTI,SCC,0
7H,CDV,ANC,0
7H,CHU,CKD,0
7H,CKD,RDV,0
7H,CKD,SLQ,0
7H,CYF,KPN,0
7H,DRG,BKC,0
7H,DRG,OTZ,0
7H,ELI,KKA,0
7H,ELI,OME,0
7H,EMK,AUK,0
7H,EMK,KOT,0
7H,ENA,ANC,0
7H,FAI,ANC,0
7H,FAI,GAL,0
7H,FAI,RBY,0
7H,FAI,SCC,0
7H,FYU,BTI,0
7H,GAL,FAI,0
7H,GAL,HSL,0
7H,GAL,KAL,0
7H,GAL,NUL,0
7H,GAL,RBY,0
7H,GAM,OME,0
7H,GAM,SVA,0
7H,GLV,OME,0
7H,GLV,WMO,0
7H,HCR,ANI,0
7H,HCR,ANV,0
7H,HOM,ANC,0
7H,HPB,SCM,0
7H,HPB,VAK,0
7H,HSL,GAL,0
7H,HSL,KYU,0
7H,IAN,ORV,0
7H,IAN,OTZ,0
7H,KAL,GAL,0
7H,KAL,NUL,0
7H,KGX,ANV,0
7H,KGX,SHX,0
7H,KKA,ELI,0
7H,KKA,SKK,0
7H,KKA,UNK,0
7H,KKH,BET,0
7H,KKI,KWT,0
7H,KLG,ANI,0
7H,KLG,BET,0
7H,KLG,RSH,0
7H,KOT,EMK,0
7H,KOT,KSM,0
7H,KOT,WBB,0
7H,KPN,BET,0
7H,KSM,ANC,0
7H,KSM,KOT,0
7H,KSM,MOU,0
7H,KSM,SXP,0
7H,KTS,TLA,0
7H,KTS,WAA,0
7H,KVL,OTZ,0
7H,KWK,KKH,0
7H,KWK,KPN,0
7H,KWN,TOG,0
7H,KWT,BET,0
7H,KYU,GAL,0
7H,MLL,RSH,0
7H,MOU,KSM,0
7H,MOU,PQS,0
7H,MYU,BET,0
7H,NME,TNK,0
7H,NUI,BRW,0
7H,NUI,SCC,0
7H,NUL,GAL,0
7H,NUL,KAL,0
7H,NUP,ATT,0
7H,OBU,ABL,0
7H,OBU,OTZ,0
7H,OME,ELI,0
7H,OME,GAM,0
7H,OME,GLV,0
7H,OME,KTS,0
7H,OME,SHH,0
7H,OME,SKK,0
7H,OME,SVA,0
7H,OME,TLA,0
7H,OME,UNK,0
7H,OME,WAA,0
7H,OME,WBB,0
7H,OME,WMO,0
7H,OOK,MYU,0
7H,ORV,IAN,0
7H,ORV,OTZ,0
7H,OTZ,ABL,0
7H,OTZ,BKC,0
7H,OTZ,DRG,0
7H,OTZ,IAN,0
7H,OTZ,ORV,0
7H,OTZ,PHO,0
7H,OTZ,SHG,0
7H,OTZ,WLK,0
7H,OTZ,WTK,0
7H,PHO,OTZ,0
7H,PHO,PIZ,0
7H,PIZ,BRW,0
7H,PIZ,PHO,0
7H,PQS,MOU,0
7H,RBY,FAI,0
7H,RBY,GAL,0
7H,RDV,SLQ,0
7H,RSH,ANI,0
7H,RSH,BET,0
7H,RSH,KLG,0
7H,SCC,BTI,0
7H,SCC,FAI,0
7H,SCC,NUI,0
7H,SCM,BET,0
7H,SHG,OBU,0
7H,SHH,OME,0
7H,SHH,WAA,0
7H,SKK,KKA,0
7H,SKK,OME,0
7H,SKK,UNK,0
7H,SLQ,ANI,0
7H,SLQ,SRV,0
7H,SMK,UNK,0
7H,SMK,WBB,0
7H,SRV,ANI,0
7H,SVA,GAM,0
7H,SVA,OME,0
7H,SXP,AUK,0
7H,SXP,KSM,0
7H,TLA,KTS,0
7H,TLA,OME,0
7H,TLT,AKI,0
7H,TOG,KWN,0
7H,UNK,ANC,0
7H,UNK,SKK,0
7H,UNK,SMK,0
7H,VAK,HPB,0
7H,VAK,SCM,0
7H,VDZ,ANC,0
7H,WAA,KTS,0
7H,WAA,OME,0
7H,WBB,KOT,0
7H,WBB,OME,0
7H,WBB,SMK,0
7H,WBB,UNK,0
7H,WLK,OTZ,0
7H,WMO,GLV,0
7H,WMO,OME,0
7H,WTK,KVL,0
7H,WTL,BET,0
7I,CLT,CUR,0
7I,MIA,AUA,0
7I,MIA,CUR,0
8D,ADQ,AKK,0
8D,ADQ,ORI,0
8D,AKK,ADQ,0
8D,KOZ,ADQ,0
8D,OLH,ADQ,0
8D,ORI,ADQ,0
8E,ELI,GLV,0
8E,GLV,ELI,0
8E,KKA,OME,0
8E,KTS,OME,0
8E,KVL,PHO,0
8E,LUR,OTZ,0
8E,OME,KKA,0
8E,OME,OTZ,0
8E,OME,TNC,0
8E,OTZ,KVL,0
8E,OTZ,OME,0
8E,PHO,LUR,0
8E,TNC,WAA,0
8E,UNK,OME,0
8E,WAA,SHH,0
8E,WTK,OTZ,0
8V,AET,BTT,0
8V,AET,FAI,0
8V,AET,HUS,0
8V,AKP,BTT,0
8V,ARC,VEE,0
8V,BTT,AET,0
8V,BTT,FAI,0
8V,FAI,AET,0
8V,FAI,AKP,0
8V,FAI,KBC,0
8V,FAI,LMA,0
8V,FYU,VEE,0
8V,HSL,HUS,0
8V,HSL,RBY,0
8V,HSL,TAL,0
8V,HUS,FAI,0
8V,HUS,TAL,0
8V,KAL,HSL,0
8V,KBC,FYU,0
8V,KYU,FAI,0
8V,LMA,FAI,0
8V,NUL,KYU,0
8V,RBY,TAL,0
8V,TAL,HSL,0
8V,TAL,RBY,0
8V,VEE,ARC,0
8V,VEE,FYU,0
9E,ATL,AZO,0
9E,ATL,CHA,0
9E,ATL,CID,0
9E,ATL,CRW,0
9E,ATL,CVG,0
9E,ATL,EVV,0
9E,ATL,FWA,0
9E,ATL,GSO,0
9E,ATL,GSP,0
9E,ATL,LAN,0
9E,ATL,LEX,0
9E,ATL,MBS,0
9E,ATL,MSP,0
9E,ATL,ROA,0
9E,ATL,SYR,0
9E,ATL,TYS,0
9E,ATL,XNA,0
9E,AZO,ATL,0
9E,CHA,ATL,0
9E,CRW,ATL,0
9E,CVG,ATL,0
9E,DTW,MSY,0
9E,EVV,ATL,0
9E,FWA,ATL,0
9E,GFK,TVF,0
9E,GSO,ATL,0
9E,GSP,ATL,0
9E,JFK,MSY,0
9E,LAN,ATL,0
9E,LEX,ATL,0
9E,LGA,MSY,0
9E,MBS,ATL,0
9E,MDT,ATL,0
9E,MEM,MSY,0
9E,MSP,ATL,0
9E,MSP,MSY,0
9E,MSY,DTW,0
9E,MSY,JFK,0
9E,MSY,LGA,0
9E,MSY,MEM,0
9E,MSY,MSP,0
9E,ROA,ATL,0
9E,SYR,ATL,0
9E,TVF,GFK,0
9E,TYS,ATL,0
9E,XNA,ATL,0
9K,ACK,BOS,0
9K,ACK,EWB,0
9K,ACK,HYA,0
9K,ACK,MVY,0
9K,ALB,BOS,0
9K,ALB,MSS,0
9K,ALB,OGS,0
9K,AUG,BOS,0
9K,BHB,BOS,0
9K,BIL,GDV,0
9K,BIL,GGW,0
9K,BIL,HVR,0
9K,BIL,OLF,0
9K,BIL,SDY,0
9K,BOS,ACK,0
9K,BOS,ALB,0
9K,BOS,AUG,0
9K,BOS,BHB,0
9K,BOS,HYA,0
9K,BOS,LEB,0
9K,BOS,MVY,0
9K,BOS,PVC,0
9K,BOS,RKD,0
9K,BOS,RUT,0
9K,BOS,SLK,0
9K,CGI,STL,0
9K,EWB,ACK,0
9K,EWB,HPN,0
9K,EWB,MVY,0
9K,GDV,BIL,0
9K,GGW,BIL,0
9K,HPN,HYA,0
9K,HPN,LEB,0
9K,HPN,MVY,0
9K,HVR,BIL,0
9K,HYA,ACK,0
9K,HYA,BOS,0
9K,IRK,STL,0
9K,LEB,BOS,0
9K,LEB,HPN,0
9K,MSS,ALB,0
9K,MVY,ACK,0
9K,MVY,BOS,0
9K,MVY,EWB,0
9K,MVY,HPN,0
9K,MWA,STL,0
9K,OGS,ALB,0
9K,OLF,BIL,0
9K,OWB,STL,0
9K,RKD,BOS,0
9K,RUT,BOS,0
9K,SDY,BIL,0
9K,SLK,BOS,0
9K,STL,CGI,0
9K,STL,IRK,0
9K,STL,MWA,0
9K,STL,OWB,0
9K,STL,TBN,0
9K,STL,UIN,0
9K,TBN,STL,0
9K,UIN,STL,0
9V,MIA,BLA,0
9W,EWR,BRU,0
A3,PHL,ATH,0
AA,ABE,CLT,0
AA,ABE,PHL,0
AA,ABI,DFW,0
AA,ABQ,DFW,0
AA,ABQ,LAX,0
AA,ABQ,ORD,0
AA,ABQ,PHX,0
AA,ACT,DFW,0
AA,AEX,DFW,0
AA,AGS,CLT,0
AA,AGS,DCA,0
AA,ALB,CLT,0
AA,ALB,DCA,0
AA,ALB,PHL,0
AA,ALO,ORD,0
AA,AMA,DFW,0
AA,ANC,LAX,0
AA,ANC,PHX,0
AA,ART,ORD,0
AA,ART,PHL,0
AA,ATL,CLT,0
AA,ATL,DFW,0
AA,ATL,LHR,0
AA,ATL,MIA,0
AA,ATL,ORD,0
AA,ATL,PHL,0
AA,ATL,PHX,0
AA,AUS,CLT,0
AA,AUS,DFW,0
AA,AUS,JFK,0
AA,AUS,LAX,0
AA,AUS,LHR,0
AA,AUS,MSY,0
AA,AUS,ORD,0
AA,AUS,PHL,0
AA,AUS,PHX,0
AA,AVL,CLT,0
AA,AVP,CLT,0
AA,AVP,PHL,0
AA,AZO,ORD,0
AA,BDL,CLT,0
AA,BDL,DCA,0
AA,BDL,DFW,0
AA,BDL,LAX,0
AA,BDL,MIA,0
AA,BDL,ORD,0
AA,BDL,PHL,0
AA,BDL,PIT,0
AA,BFL,PHX,0
AA,BGM,PHL,0
AA,BGR,DCA,0
AA,BGR,PHL,0
AA,BHM,CLT,0
AA,BHM,DCA,0
AA,BHM,DFW,0
AA,BHM,MIA,0
AA,BHM,PHL,0
AA,BMI,DFW,0
AA,BMI,ORD,0
AA,BNA,CLT,0
AA,BNA,DCA,0
AA,BNA,DFW,0
AA,BNA,JFK,0
AA,BNA,LAX,0
AA,BNA,LGA,0
AA,BNA,MIA,0
AA,BNA,ORD,0
AA,BNA,PHL,0
AA,BOI,PHX,0
AA,BOS,BUF,0
AA,BOS,CLT,0
AA,BOS,CUN,0
AA,BOS,DCA,0
AA,BOS,DFW,0
AA,BOS,JFK,0
AA,BOS,LAX,0
AA,BOS,LGA,0
AA,BOS,LHR,0
AA,BOS,MAD,0
AA,BOS,MDT,0
AA,BOS,MIA,0
AA,BOS,NRT,0
AA,BOS,ORD,0
AA,BOS,PDX,0
AA,BOS,PHL,0
AA,BOS,PHX,0
AA,BOS,PIT,0
AA,BOS,RIC,0
AA,BOS,ROC,0
AA,BOS,SAN,0
AA,BOS,SEA,0
AA,BOS,SYR,0
AA,BPT,DFW,0
AA,BRO,DFW,0
AA,BTR,CLT,0
AA,BTR,DFW,0
AA,BTV,DCA,0
AA,BTV,PHL,0
AA,BUF,BOS,0
AA,BUF,CLT,0
AA,BUF,DCA,0
AA,BUF,ORD,0
AA,BUF,PHL,0
AA,BUR,PDX,0
AA,BUR,PHX,0
AA,BUR,SEA,0
AA,BWI,CLT,0
AA,BWI,DFW,0
AA,BWI,JFK,0
AA,BWI,LHR,0
AA,BWI,MIA,0
AA,BWI,ORD,0
AA,BWI,PHL,0
AA,BWI,PHX,0
AA,CAE,CLT,0
AA,CAE,DCA,0
AA,CAE,DFW,0
AA,CAE,PHL,0
AA,CAK,CLT,0
AA,CAK,DCA,0
AA,CAK,PHL,0
AA,CHA,CLT,0
AA,CHA,DCA,0
AA,CHA,DFW,0
AA,CHA,ORD,0
AA,CHO,CLT,0
AA,CHO,LGA,0
AA,CHO,ORD,0
AA,CHO,PHL,0
AA,CHS,CLT,0
AA,CHS,DCA,0
AA,CHS,DFW,0
AA,CHS,MIA,0
AA,CHS,PHL,0
AA,CID,DFW,0
AA,CID,ORD,0
AA,CLE,CLT,0
AA,CLE,DFW,0
AA,CLE,JFK,0
AA,CLE,MIA,0
AA,CLE,ORD,0
AA,CLE,PHL,0
AA,CLL,DFW,0
AA,CLT,ABE,0
AA,CLT,AGS,0
AA,CLT,ALB,0
AA,CLT,ANU,0
AA,CLT,ATL,0
AA,CLT,AUA,0
AA,CLT,AUS,0
AA,CLT,AVL,0
AA,CLT,AVP,0
AA,CLT,BDL,0
AA,CLT,BHM,0
AA,CLT,BNA,0
AA,CLT,BOS,0
AA,CLT,BTR,0
AA,CLT,BUF,0
AA,CLT,BWI,0
AA,CLT,BZE,0
AA,CLT,CAE,0
AA,CLT,CAK,0
AA,CLT,CDG,0
AA,CLT,CHA,0
AA,CLT,CHO,0
AA,CLT,CHS,0
AA,CLT,CLE,0
AA,CLT,CMH,0
AA,CLT,CRW,0
AA,CLT,CUN,0
AA,CLT,CVG,0
AA,CLT,CZM,0
AA,CLT,DAB,0
AA,CLT,DAY,0
AA,CLT,DCA,0
AA,CLT,DEN,0
AA,CLT,DFW,0
AA,CLT,DSM,0
AA,CLT,DTW,0
AA,CLT,DUB,0
AA,CLT,EWN,0
AA,CLT,EWR,0
AA,CLT,FAY,0
AA,CLT,FCO,0
AA,CLT,FLL,0
AA,CLT,FLO,0
AA,CLT,FPO,0
AA,CLT,FRA,0
AA,CLT,GCM,0
AA,CLT,GNV,0
AA,CLT,GPT,0
AA,CLT,GRU,0
AA,CLT,GSO,0
AA,CLT,GSP,0
AA,CLT,HHH,0
AA,CLT,HPN,0
AA,CLT,HSV,0
AA,CLT,HTS,0
AA,CLT,IAD,0
AA,CLT,IAH,0
AA,CLT,ILM,0
AA,CLT,IND,0
AA,CLT,JAN,0
AA,CLT,JAX,0
AA,CLT,JFK,0
AA,CLT,LAS,0
AA,CLT,LAX,0
AA,CLT,LEX,0
AA,CLT,LGA,0
AA,CLT,LHR,0
AA,CLT,LIR,0
AA,CLT,LIT,0
AA,CLT,LYH,0
AA,CLT,MBJ,0
AA,CLT,MCI,0
AA,CLT,MCO,0
AA,CLT,MDT,0
AA,CLT,MEM,0
AA,CLT,MEX,0
AA,CLT,MGM,0
AA,CLT,MHT,0
AA,CLT,MIA,0
AA,CLT,MKE,0
AA,CLT,MLB,0
AA,CLT,MOB,0
AA,CLT,MSP,0
AA,CLT,MSY,0
AA,CLT,MYR,0
AA,CLT,NAS,0
AA,CLT,OAJ,0
AA,CLT,OMA,0
AA,CLT,ORD,0
AA,CLT,ORF,0
AA,CLT,PDX,0
AA,CLT,PGV,0
AA,CLT,PHF,0
AA,CLT,PHL,0
AA,CLT,PHX,0
AA,CLT,PIT,0
AA,CLT,PLS,0
AA,CLT,PNS,0
AA,CLT,PUJ,0
AA,CLT,PVD,0
AA,CLT,PWM,0
AA,CLT,RDU,0
AA,CLT,RIC,0
AA,CLT,ROA,0
AA,CLT,ROC,0
AA,CLT,RSW,0
AA,CLT,SAN,0
AA,CLT,SAT,0
AA,CLT,SAV,0
AA,CLT,SBY,0
AA,CLT,SDF,0
AA,CLT,SEA,0
AA,CLT,SFO,0
AA,CLT,SJD,0
AA,CLT,SJO,0
AA,CLT,SJU,0
AA,CLT,SLC,0
AA,CLT,SMF,0
AA,CLT,SRQ,0
AA,CLT,STL,0
AA,CLT,STT,0
AA,CLT,SXM,0
AA,CLT,SYR,0
AA,CLT,TLH,0
AA,CLT,TPA,0
AA,CLT,TRI,0
AA,CLT,TYS,0
AA,CLT,UVF,0
AA,CLT,VPS,0
AA,CLT,XNA,0
AA,CLT,YOW,0
AA,CLT,YUL,0
AA,CLT,YYZ,0
AA,CMH,CLT,0
AA,CMH,DCA,0
AA,CMH,DFW,0
AA,CMH,JFK,0
AA,CMH,LAX,0
AA,CMH,LGA,0
AA,CMH,MIA,0
AA,CMH,ORD,0
AA,CMH,PHL,0
AA,CMH,PHX,0
AA,CMI,DFW,0
AA,CMI,ORD,0
AA,COS,DFW,0
AA,COU,DFW,0
AA,COU,ORD,0
AA,CRP,DFW,0
AA,CVG,CLT,0
AA,CVG,DCA,0
AA,CVG,DFW,0
AA,CVG,JFK,0
AA,CVG,MIA,0
AA,CVG,ORD,0
AA,CVG,PHL,0
AA,CWA,ORD,0
AA,DAB,CLT,0
AA,DAY,CLT,0
AA,DAY,DCA,0
AA,DAY,DFW,0
AA,DAY,LGA,0
AA,DAY,ORD,0
AA,DAY,PHL,0
AA,DBQ,ORD,0
AA,DCA,AGS,0
AA,DCA,ALB,0
AA,DCA,BDL,0
AA,DCA,BGR,0
AA,DCA,BHM,0
AA,DCA,BNA,0
AA,DCA,BOS,0
AA,DCA,BTV,0
AA,DCA,BUF,0
AA,DCA,CAE,0
AA,DCA,CAK,0
AA,DCA,CHA,0
AA,DCA,CHS,0
AA,DCA,CLT,0
AA,DCA,CMH,0
AA,DCA,CRW,0
AA,DCA,CVG,0
AA,DCA,DAY,0
AA,DCA,DFW,0
AA,DCA,DSM,0
AA,DCA,DTW,0
AA,DCA,FAY,0
AA,DCA,FLL,0
AA,DCA,GSO,0
AA,DCA,GSP,0
AA,DCA,HHH,0
AA,DCA,HPN,0
AA,DCA,HSV,0
AA,DCA,ILM,0
AA,DCA,IND,0
AA,DCA,ISP,0
AA,DCA,JAN,0
AA,DCA,JAX,0
AA,DCA,JFK,0
AA,DCA,LAS,0
AA,DCA,LAX,0
AA,DCA,LGA,0
AA,DCA,LIT,0
AA,DCA,MCI,0
AA,DCA,MCO,0
AA,DCA,MEM,0
AA,DCA,MHT,0
AA,DCA,MIA,0
AA,DCA,MSP,0
AA,DCA,MSY,0
AA,DCA,MYR,0
AA,DCA,NAS,0
AA,DCA,OAJ,0
AA,DCA,OMA,0
AA,DCA,ORD,0
AA,DCA,ORF,0
AA,DCA,PDX,0
AA,DCA,PHL,0
AA,DCA,PHX,0
AA,DCA,PIT,0
AA,DCA,PNS,0
AA,DCA,PVD,0
AA,DCA,PWM,0
AA,DCA,RDU,0
AA,DCA,ROC,0
AA,DCA,RSW,0
AA,DCA,SAN,0
AA,DCA,SAV,0
AA,DCA,SDF,0
AA,DCA,SRQ,0
AA,DCA,STL,0
AA,DCA,SYR,0
AA,DCA,TLH,0
AA,DCA,TPA,0
AA,DCA,TYS,0
AA,DCA,VPS,0
AA,DCA,YHZ,0
AA,DCA,YUL,0
AA,DCA,YYZ,0
AA,DEN,CLT,0
AA,DEN,DFW,0
AA,DEN,LAX,0
AA,DEN,LHR,0
AA,DEN,MIA,0
AA,DEN,ORD,0
AA,DEN,PHL,0
AA,DEN,PHX,0
AA,DEN,SEA,0
AA,DFW,ABI,0
AA,DFW,ABQ,0
AA,DFW,ACT,0
AA,DFW,AEX,0
AA,DFW,AGU,0
AA,DFW,AMA,0
AA,DFW,ATL,0
AA,DFW,AUS,0
AA,DFW,BDL,0
AA,DFW,BHM,0
AA,DFW,BJX,0
AA,DFW,BMI,0
AA,DFW,BNA,0
AA,DFW,BNE,0
AA,DFW,BOG,0
AA,DFW,BOS,0
AA,DFW,BPT,0
AA,DFW,BRO,0
AA,DFW,BTR,0
AA,DFW,BWI,0
AA,DFW,BZE,0
AA,DFW,CAE,0
AA,DFW,CCS,0
AA,DFW,CDG,0
AA,DFW,CHA,0
AA,DFW,CHS,0
AA,DFW,CID,0
AA,DFW,CLE,0
AA,DFW,CLL,0
AA,DFW,CLT,0
AA,DFW,CMH,0
AA,DFW,CMI,0
AA,DFW,COS,0
AA,DFW,COU,0
AA,DFW,CRP,0
AA,DFW,CRW,0
AA,DFW,CUN,0
AA,DFW,CUU,0
AA,DFW,CVG,0
AA,DFW,CZM,0
AA,DFW,DAY,0
AA,DFW,DCA,0
AA,DFW,DEN,0
AA,DFW,DRO,0
AA,DFW,DSM,0
AA,DFW,DTW,0
AA,DFW,ELP,0
AA,DFW,EVV,0
AA,DFW,EWR,0
AA,DFW,FAR,0
AA,DFW,FAT,0
AA,DFW,FLL,0
AA,DFW,FRA,0
AA,DFW,FSD,0
AA,DFW,FSM,0
AA,DFW,FWA,0
AA,DFW,GCK,0
AA,DFW,GDL,0
AA,DFW,GGG,0
AA,DFW,GIG,0
AA,DFW,GJT,0
AA,DFW,GPT,0
AA,DFW,GRI,0
AA,DFW,GRK,0
AA,DFW,GRR,0
AA,DFW,GRU,0
AA,DFW,GSO,0
AA,DFW,GSP,0
AA,DFW,GUA,0
AA,DFW,HNL,0
AA,DFW,HOU,0
AA,DFW,HSV,0
AA,DFW,IAD,0
AA,DFW,IAH,0
AA,DFW,ICN,0
AA,DFW,ICT,0
AA,DFW,IND,0
AA,DFW,JAN,0
AA,DFW,JAX,0
AA,DFW,JFK,0
AA,DFW,JLN,0
AA,DFW,LAS,0
AA,DFW,LAW,0
AA,DFW,LAX,0
AA,DFW,LBB,0
AA,DFW,LCH,0
AA,DFW,LEX,0
AA,DFW,LFT,0
AA,DFW,LGA,0
AA,DFW,LHR,0
AA,DFW,LIM,0
AA,DFW,LIR,0
AA,DFW,LIT,0
AA,DFW,LRD,0
AA,DFW,MAD,0
AA,DFW,MAF,0
AA,DFW,MBJ,0
AA,DFW,MCI,0
AA,DFW,MCO,0
AA,DFW,MEM,0
AA,DFW,MEX,0
AA,DFW,MFE,0
AA,DFW,MGM,0
AA,DFW,MHK,0
AA,DFW,MIA,0
AA,DFW,MKE,0
AA,DFW,MLI,0
AA,DFW,MLM,0
AA,DFW,MLU,0
AA,DFW,MOB,0
AA,DFW,MSN,0
AA,DFW,MSP,0
AA,DFW,MSY,0
AA,DFW,MTY,0
AA,DFW,MZT,0
AA,DFW,NAS,0
AA,DFW,NRT,0
AA,DFW,OGG,0
AA,DFW,OKC,0
AA,DFW,OMA,0
AA,DFW,ONT,0
AA,DFW,ORD,0
AA,DFW,ORF,0
AA,DFW,PBC,0
AA,DFW,PDX,0
AA,DFW,PHL,0
AA,DFW,PHX,0
AA,DFW,PIA,0
AA,DFW,PIT,0
AA,DFW,PLS,0
AA,DFW,PNS,0
AA,DFW,PSP,0
AA,DFW,PTY,0
AA,DFW,PVR,0
AA,DFW,QRO,0
AA,DFW,RAP,0
AA,DFW,RDU,0
AA,DFW,RIC,0
AA,DFW,RNO,0
AA,DFW,ROW,0
AA,DFW,RSW,0
AA,DFW,RTB,0
AA,DFW,SAF,0
AA,DFW,SAL,0
AA,DFW,SAN,0
AA,DFW,SAT,0
AA,DFW,SAV,0
AA,DFW,SCL,0
AA,DFW,SDF,0
AA,DFW,SEA,0
AA,DFW,SFO,0
AA,DFW,SGF,0
AA,DFW,SHV,0
AA,DFW,SJC,0
AA,DFW,SJD,0
AA,DFW,SJO,0
AA,DFW,SJT,0
AA,DFW,SJU,0
AA,DFW,SLC,0
AA,DFW,SLP,0
AA,DFW,SMF,0
AA,DFW,SNA,0
AA,DFW,SPI,0
AA,DFW,SPS,0
AA,DFW,STL,0
AA,DFW,TLH,0
AA,DFW,TPA,0
AA,DFW,TRC,0
AA,DFW,TUL,0
AA,DFW,TUS,0
AA,DFW,TXK,0
AA,DFW,TYR,0
AA,DFW,TYS,0
AA,DFW,VPS,0
AA,DFW,XNA,0
AA,DFW,YEG,0
AA,DFW,YUL,0
AA,DFW,YVR,0
AA,DFW,YYC,0
AA,DFW,YYZ,0
AA,DFW,ZCL,0
AA,DRO,DFW,0
AA,DRO,PHX,0
AA,DSM,CLT,0
AA,DSM,DCA,0
AA,DSM,DFW,0
AA,DSM,ORD,0
AA,DSM,PHX,0
AA,DTW,CLT,0
AA,DTW,DCA,0
AA,DTW,DFW,0
AA,DTW,LGA,0
AA,DTW,MIA,0
AA,DTW,ORD,0
AA,DTW,PHL,0
AA,DTW,PHX,0
AA,DTW,YUL,0
AA,ELM,PHL,0
AA,ELP,DFW,0
AA,ELP,LAX,0
AA,ELP,ORD,0
AA,ELP,PHX,0
AA,ERI,PHL,0
AA,EUG,LAX,0
AA,EUG,PDX,0
AA,EVV,DFW,0
AA,EVV,ORD,0
AA,EWN,CLT,0
AA,EWR,CLT,0
AA,EWR,DFW,0
AA,EWR,HKG,0
AA,EWR,LHR,0
AA,EWR,MIA,0
AA,EWR,ORD,0
AA,EWR,ORY,0
AA,EWR,PHL,0
AA,EWR,PHX,0
AA,EWR,SEA,0
AA,EYW,MIA,0
AA,FAR,DFW,0
AA,FAR,ORD,0
AA,FAT,DFW,0
AA,FAT,LAX,0
AA,FAT,PHX,0
AA,FAY,CLT,0
AA,FAY,DCA,0
AA,FLG,PHX,0
AA,FLL,CLT,0
AA,FLL,DCA,0
AA,FLL,DFW,0
AA,FLL,ORD,0
AA,FLL,PAP,0
AA,FLL,PHL,0
AA,FLL,PHX,0
AA,FLO,CLT,0
AA,FNT,ORD,0
AA,FSD,DFW,0
AA,FSD,ORD,0
AA,FSM,DFW,0
AA,FWA,DFW,0
AA,FWA,ORD,0
AA,GCK,DFW,0
AA,GEG,PHX,0
AA,GGG,DFW,0
AA,GJT,DFW,0
AA,GJT,PHX,0
AA,GNV,CLT,0
AA,GNV,MIA,0
AA,GPT,CLT,0
AA,GPT,DFW,0
AA,GRB,ORD,0
AA,GRI,DFW,0
AA,GRK,DFW,0
AA,GRR,DFW,0
AA,GRR,ORD,0
AA,GSO,CLT,0
AA,GSO,DCA,0
AA,GSO,DFW,0
AA,GSO,LGA,0
AA,GSO,MIA,0
AA,GSO,PHL,0
AA,GSP,CLT,0
AA,GSP,DCA,0
AA,GSP,DFW,0
AA,GSP,PHL,0
AA,HHH,CLT,0
AA,HHH,DCA,0
AA,HNL,DFW,0
AA,HNL,HND,0
AA,HNL,KIX,0
AA,HNL,LAX,0
AA,HNL,NGO,0
AA,HNL,NRT,0
AA,HNL,OAK,0
AA,HNL,PHX,0
AA,HNL,SJC,0
AA,HNL,SYD,0
AA,HOU,DFW,0
AA,HPN,CLT,0
AA,HPN,DCA,0
AA,HPN,ORD,0
AA,HPN,PHL,0
AA,HSV,CLT,0
AA,HSV,DCA,0
AA,HSV,DFW,0
AA,HSV,ORD,0
AA,HTS,CLT,0
AA,HVN,PHL,0
AA,IAD,AUH,0
AA,IAD,CLT,0
AA,IAD,DFW,0
AA,IAD,DOH,0
AA,IAD,LAX,0
AA,IAD,LHR,0
AA,IAD,MIA,0
AA,IAH,CLT,0
AA,IAH,DFW,0
AA,IAH,DOH,0
AA,IAH,LAX,0
AA,IAH,LHR,0
AA,IAH,MIA,0
AA,IAH,ORD,0
AA,IAH,PHL,0
AA,IAH,PHX,0
AA,ICT,DFW,0
AA,ICT,ORD,0
AA,ILM,CLT,0
AA,ILM,DCA,0
AA,ILM,LGA,0
AA,ILM,PHL,0
AA,IND,CLT,0
AA,IND,DCA,0
AA,IND,DFW,0
AA,IND,JFK,0
AA,IND,LAX,0
AA,IND,MIA,0
AA,IND,ORD,0
AA,IND,PHL,0
AA,IND,PHX,0
AA,IPT,PHL,0
AA,ISP,DCA,0
AA,ISP,PHL,0
AA,ITH,PHL,0
AA,JAN,CLT,0
AA,JAN,DCA,0
AA,JAN,DFW,0
AA,JAX,CLT,0
AA,JAX,DCA,0
AA,JAX,DFW,0
AA,JAX,MIA,0
AA,JAX,ORD,0
AA,JAX,PHL,0
AA,JFK,AMM,0
AA,JFK,ANU,0
AA,JFK,AUH,0
AA,JFK,AUS,0
AA,JFK,BCN,0
AA,JFK,BDA,0
AA,JFK,BNA,0
AA,JFK,BOS,0
AA,JFK,BWI,0
AA,JFK,CCS,0
AA,JFK,CDG,0
AA,JFK,CLE,0
AA,JFK,CLT,0
AA,JFK,CMH,0
AA,JFK,CUN,0
AA,JFK,CVG,0
AA,JFK,DCA,0
AA,JFK,DFW,0
AA,JFK,DOH,0
AA,JFK,DUB,0
AA,JFK,DUS,0
AA,JFK,FCO,0
AA,JFK,GIG,0
AA,JFK,GRU,0
AA,JFK,GYE,0
AA,JFK,HEL,0
AA,JFK,HKG,0
AA,JFK,IND,0
AA,JFK,LAS,0
AA,JFK,LAX,0
AA,JFK,LCY,0
AA,JFK,LHR,0
AA,JFK,LIM,0
AA,JFK,MAD,0
AA,JFK,MAN,0
AA,JFK,MCO,0
AA,JFK,MIA,0
AA,JFK,MXP,0
AA,JFK,NRT,0
AA,JFK,ORD,0
AA,JFK,ORF,0
AA,JFK,ORY,0
AA,JFK,PAP,0
AA,JFK,PHX,0
AA,JFK,PIT,0
AA,JFK,RDU,0
AA,JFK,SAN,0
AA,JFK,SCL,0
AA,JFK,SEA,0
AA,JFK,SFO,0
AA,JFK,SJO,0
AA,JFK,SJU,0
AA,JFK,STT,0
AA,JFK,SXM,0
AA,JFK,TPA,0
AA,JFK,YUL,0
AA,JFK,YYC,0
AA,JFK,YYZ,0
AA,JFK,ZRH,0
AA,JLN,DFW,0
AA,JNU,KTN,0
AA,KOA,LAX,0
AA,KOA,OAK,0
AA,KOA,PHX,0
AA,KOA,SJC,0
AA,KTN,JNU,0
AA,KTN,SEA,0
AA,LAS,CLT,0
AA,LAS,DCA,0
AA,LAS,DFW,0
AA,LAS,JFK,0
AA,LAS,LGW,0
AA,LAS,LHR,0
AA,LAS,MIA,0
AA,LAS,ORD,0
AA,LAS,PHL,0
AA,LAS,PHX,0
AA,LAS,YEG,0
AA,LAS,YVR,0
AA,LAS,YYC,0
AA,LAS,YYZ,0
AA,LAW,DFW,0
AA,LAX,ABQ,0
AA,LAX,ANC,0
AA,LAX,AUS,0
AA,LAX,BDL,0
AA,LAX,BNA,0
AA,LAX,BNE,0
AA,LAX,BOS,0
AA,LAX,CLT,0
AA,LAX,CMH,0
AA,LAX,DCA,0
AA,LAX,DEN,0
AA,LAX,DFW,0
AA,LAX,DUS,0
AA,LAX,ELP,0
AA,LAX,EUG,0
AA,LAX,FAT,0
AA,LAX,GDL,0
AA,LAX,GRU,0
AA,LAX,HKG,0
AA,LAX,HNL,0
AA,LAX,IAD,0
AA,LAX,IAH,0
AA,LAX,IND,0
AA,LAX,JFK,0
AA,LAX,KOA,0
AA,LAX,LHR,0
AA,LAX,LIH,0
AA,LAX,LIM,0
AA,LAX,MAD,0
AA,LAX,MCO,0
AA,LAX,MEL,0
AA,LAX,MEX,0
AA,LAX,MFR,0
AA,LAX,MIA,0
AA,LAX,MMH,0
AA,LAX,MRY,0
AA,LAX,NAN,0
AA,LAX,NRT,0
AA,LAX,OGG,0
AA,LAX,OKC,0
AA,LAX,ORD,0
AA,LAX,PDX,0
AA,LAX,PHL,0
AA,LAX,PHX,0
AA,LAX,PIT,0
AA,LAX,PPT,0
AA,LAX,PVG,0
AA,LAX,RDM,0
AA,LAX,RDU,0
AA,LAX,RNO,0
AA,LAX,SAF,0
AA,LAX,SAN,0
AA,LAX,SEA,0
AA,LAX,SFO,0
AA,LAX,SJC,0
AA,LAX,SJD,0
AA,LAX,SLC,0
AA,LAX,SMF,0
AA,LAX,STL,0
AA,LAX,STS,0
AA,LAX,SYD,0
AA,LAX,TUS,0
AA,LAX,XNA,0
AA,LAX,YEG,0
AA,LAX,YVR,0
AA,LAX,YYC,0
AA,LAX,YYZ,0
AA,LBB,DFW,0
AA,LCH,DFW,0
AA,LEX,CLT,0
AA,LEX,DFW,0
AA,LEX,ORD,0
AA,LFT,DFW,0
AA,LGA,BNA,0
AA,LGA,BOS,0
AA,LGA,CHO,0
AA,LGA,CLT,0
AA,LGA,CMH,0
AA,LGA,DAY,0
AA,LGA,DCA,0
AA,LGA,DFW,0
AA,LGA,DTW,0
AA,LGA,GSO,0
AA,LGA,ILM,0
AA,LGA,LIT,0
AA,LGA,MIA,0
AA,LGA,ORD,0
AA,LGA,ORF,0
AA,LGA,PHL,0
AA,LGA,PIT,0
AA,LGA,RDU,0
AA,LGA,RIC,0
AA,LGA,ROA,0
AA,LGA,SDF,0
AA,LGA,STL,0
AA,LGA,TYS,0
AA,LGA,XNA,0
AA,LGA,YUL,0
AA,LGA,YYZ,0
AA,LGB,PDX,0
AA,LGB,PHX,0
AA,LGB,SEA,0
AA,LIH,LAX,0
AA,LIH,OAK,0
AA,LIH,PHX,0
AA,LIH,SJC,0
AA,LIT,CLT,0
AA,LIT,DCA,0
AA,LIT,DFW,0
AA,LIT,LGA,0
AA,LIT,ORD,0
AA,LRD,DFW,0
AA,LSE,ORD,0
AA,LYH,CLT,0
AA,MAF,DFW,0
AA,MCI,CLT,0
AA,MCI,DCA,0
AA,MCI,DFW,0
AA,MCI,ORD,0
AA,MCI,PHL,0
AA,MCI,PHX,0
AA,MCI,SEA,0
AA,MCO,CLT,0
AA,MCO,DCA,0
AA,MCO,DFW,0
AA,MCO,GRU,0
AA,MCO,JFK,0
AA,MCO,LAX,0
AA,MCO,LGW,0
AA,MCO,MIA,0
AA,MCO,ORD,0
AA,MCO,PHL,0
AA,MCO,PHX,0
AA,MCO,SAN,0
AA,MCO,SEA,0
AA,MCO,YYZ,0
AA,MDT,BOS,0
AA,MDT,CLT,0
AA,MDT,ORD,0
AA,MDT,PHL,0
AA,MEM,CLT,0
AA,MEM,DCA,0
AA,MEM,DFW,0
AA,MEM,MIA,0
AA,MEM,ORD,0
AA,MFE,DFW,0
AA,MFR,LAX,0
AA,MGM,CLT,0
AA,MGM,DFW,0
AA,MHK,DFW,0
AA,MHK,ORD,0
AA,MHT,CLT,0
AA,MHT,DCA,0
AA,MHT,PHL,0
AA,MIA,ANU,0
AA,MIA,ASU,0
AA,MIA,ATL,0
AA,MIA,BCN,0
AA,MIA,BDA,0
AA,MIA,BDL,0
AA,MIA,BGI,0
AA,MIA,BHM,0
AA,MIA,BNA,0
AA,MIA,BOG,0
AA,MIA,BOS,0
AA,MIA,BSB,0
AA,MIA,BWI,0
AA,MIA,BZE,0
AA,MIA,CCS,0
AA,MIA,CDG,0
AA,MIA,CHS,0
AA,MIA,CLE,0
AA,MIA,CLO,0
AA,MIA,CLT,0
AA,MIA,CMH,0
AA,MIA,CNF,0
AA,MIA,CUN,0
AA,MIA,CVG,0
AA,MIA,CWB,0
AA,MIA,CZM,0
AA,MIA,DCA,0
AA,MIA,DEN,0
AA,MIA,DFW,0
AA,MIA,DTW,0
AA,MIA,DUS,0
AA,MIA,ELH,0
AA,MIA,EWR,0
AA,MIA,EYW,0
AA,MIA,FDF,0
AA,MIA,FPO,0
AA,MIA,GCM,0
AA,MIA,GGT,0
AA,MIA,GIG,0
AA,MIA,GND,0
AA,MIA,GNV,0
AA,MIA,GRU,0
AA,MIA,GSO,0
AA,MIA,GUA,0
AA,MIA,GYE,0
AA,MIA,IAD,0
AA,MIA,IAH,0
AA,MIA,IND,0
AA,MIA,JAX,0
AA,MIA,JFK,0
AA,MIA,KIN,0
AA,MIA,LAS,0
AA,MIA,LAX,0
AA,MIA,LGA,0
AA,MIA,LHR,0
AA,MIA,LIM,0
AA,MIA,LIR,0
AA,MIA,LPB,0
AA,MIA,LRM,0
AA,MIA,MAD,0
AA,MIA,MAO,0
AA,MIA,MAR,0
AA,MIA,MBJ,0
AA,MIA,MCO,0
AA,MIA,MDE,0
AA,MIA,MEM,0
AA,MIA,MGA,0
AA,MIA,MHH,0
AA,MIA,MSP,0
AA,MIA,MSY,0
AA,MIA,MVD,0
AA,MIA,MXP,0
AA,MIA,NAS,0
AA,MIA,ORD,0
AA,MIA,ORF,0
AA,MIA,PAP,0
AA,MIA,PHL,0
AA,MIA,PHX,0
AA,MIA,PIT,0
AA,MIA,PLS,0
AA,MIA,PNS,0
AA,MIA,POP,0
AA,MIA,POS,0
AA,MIA,PTP,0
AA,MIA,PTY,0
AA,MIA,RDU,0
AA,MIA,REC,0
AA,MIA,RIC,0
AA,MIA,RTB,0
AA,MIA,SAL,0
AA,MIA,SAN,0
AA,MIA,SAP,0
AA,MIA,SCL,0
AA,MIA,SDF,0
AA,MIA,SDQ,0
AA,MIA,SEA,0
AA,MIA,SFO,0
AA,MIA,SJO,0
AA,MIA,SJU,0
AA,MIA,SKB,0
AA,MIA,SSA,0
AA,MIA,STI,0
AA,MIA,STL,0
AA,MIA,STT,0
AA,MIA,STX,0
AA,MIA,SXM,0
AA,MIA,TGU,0
AA,MIA,TLH,0
AA,MIA,TPA,0
AA,MIA,TUL,0
AA,MIA,UIO,0
AA,MIA,UVF,0
AA,MIA,YUL,0
AA,MIA,YYZ,0
AA,MKE,CLT,0
AA,MKE,DFW,0
AA,MKE,ORD,0
AA,MKE,PHL,0
AA,MKE,PHX,0
AA,MLB,CLT,0
AA,MLI,DFW,0
AA,MLI,ORD,0
AA,MLU,DFW,0
AA,MMH,LAX,0
AA,MOB,CLT,0
AA,MOB,DFW,0
AA,MQT,ORD,0
AA,MRY,LAX,0
AA,MRY,PHX,0
AA,MSN,DFW,0
AA,MSN,ORD,0
AA,MSP,CLT,0
AA,MSP,DCA,0
AA,MSP,DFW,0
AA,MSP,MIA,0
AA,MSP,ORD,0
AA,MSP,PHL,0
AA,MSP,PHX,0
AA,MSY,AUS,0
AA,MSY,CLT,0
AA,MSY,DCA,0
AA,MSY,DFW,0
AA,MSY,MIA,0
AA,MSY,ORD,0
AA,MSY,PHL,0
AA,MYR,CLT,0
AA,MYR,DCA,0
AA,MYR,PHL,0
AA,OAJ,CLT,0
AA,OAJ,DCA,0
AA,OAK,HNL,0
AA,OAK,KOA,0
AA,OAK,LIH,0
AA,OAK,OGG,0
AA,OAK,PDX,0
AA,OAK,PHX,0
AA,OAK,SEA,0
AA,OGG,DFW,0
AA,OGG,LAX,0
AA,OGG,OAK,0
AA,OGG,PHX,0
AA,OGG,SJC,0
AA,OGG,SMF,0
AA,OKC,DFW,0
AA,OKC,LAX,0
AA,OKC,ORD,0
AA,OMA,CLT,0
AA,OMA,DCA,0
AA,OMA,DFW,0
AA,OMA,ORD,0
AA,OMA,PHX,0
AA,ONT,DFW,0
AA,ONT,PDX,0
AA,ONT,PHX,0
AA,ONT,SEA,0
AA,ORD,ABQ,0
AA,ORD,ALO,0
AA,ORD,AMM,0
AA,ORD,ART,0
AA,ORD,ATL,0
AA,ORD,AUH,0
AA,ORD,AUS,0
AA,ORD,AZO,0
AA,ORD,BDL,0
AA,ORD,BMI,0
AA,ORD,BNA,0
AA,ORD,BOS,0
AA,ORD,BUF,0
AA,ORD,BWI,0
AA,ORD,CDG,0
AA,ORD,CHA,0
AA,ORD,CHO,0
AA,ORD,CID,0
AA,ORD,CLE,0
AA,ORD,CLT,0
AA,ORD,CMH,0
AA,ORD,CMI,0
AA,ORD,COU,0
AA,ORD,CUN,0
AA,ORD,CVG,0
AA,ORD,CWA,0
AA,ORD,DAY,0
AA,ORD,DBQ,0
AA,ORD,DCA,0
AA,ORD,DEN,0
AA,ORD,DFW,0
AA,ORD,DOH,0
AA,ORD,DSM,0
AA,ORD,DTW,0
AA,ORD,DUB,0
AA,ORD,DUS,0
AA,ORD,ELP,0
AA,ORD,EVV,0
AA,ORD,EWR,0
AA,ORD,FAR,0
AA,ORD,FCO,0
AA,ORD,FLL,0
AA,ORD,FNT,0
AA,ORD,FSD,0
AA,ORD,FWA,0
AA,ORD,GRB,0
AA,ORD,GRR,0
AA,ORD,HKG,0
AA,ORD,HPN,0
AA,ORD,HSV,0
AA,ORD,IAH,0
AA,ORD,ICT,0
AA,ORD,IND,0
AA,ORD,JAX,0
AA,ORD,JFK,0
AA,ORD,LAS,0
AA,ORD,LAX,0
AA,ORD,LEX,0
AA,ORD,LGA,0
AA,ORD,LHR,0
AA,ORD,LIT,0
AA,ORD,LSE,0
AA,ORD,MAD,0
AA,ORD,MAN,0
AA,ORD,MBJ,0
AA,ORD,MCI,0
AA,ORD,MCO,0
AA,ORD,MDT,0
AA,ORD,MEM,0
AA,ORD,MEX,0
AA,ORD,MHK,0
AA,ORD,MIA,0
AA,ORD,MKE,0
AA,ORD,MLI,0
AA,ORD,MQT,0
AA,ORD,MSN,0
AA,ORD,MSP,0
AA,ORD,MSY,0
AA,ORD,NRT,0
AA,ORD,OKC,0
AA,ORD,OMA,0
AA,ORD,PDX,0
AA,ORD,PEK,0
AA,ORD,PHL,0
AA,ORD,PHX,0
AA,ORD,PIA,0
AA,ORD,PIT,0
AA,ORD,PSP,0
AA,ORD,PVG,0
AA,ORD,PVR,0
AA,ORD,RDU,0
AA,ORD,RIC,0
AA,ORD,RNO,0
AA,ORD,ROC,0
AA,ORD,RST,0
AA,ORD,RSW,0
AA,ORD,SAN,0
AA,ORD,SAT,0
AA,ORD,SDF,0
AA,ORD,SEA,0
AA,ORD,SFO,0
AA,ORD,SGF,0
AA,ORD,SJC,0
AA,ORD,SJD,0
AA,ORD,SJU,0
AA,ORD,SLC,0
AA,ORD,SNA,0
AA,ORD,STL,0
AA,ORD,SUX,0
AA,ORD,SYR,0
AA,ORD,TOL,0
AA,ORD,TPA,0
AA,ORD,TUL,0
AA,ORD,TUS,0
AA,ORD,TVC,0
AA,ORD,TYS,0
AA,ORD,XNA,0
AA,ORD,YKF,0
AA,ORD,YUL,0
AA,ORD,YVR,0
AA,ORD,YYC,0
AA,ORD,YYZ,0
AA,ORF,CLT,0
AA,ORF,DCA,0
AA,ORF,DFW,0
AA,ORF,JFK,0
AA,ORF,LGA,0
AA,ORF,MIA,0
AA,ORF,PHL,0
AA,PDX,BOS,0
AA,PDX,BUR,0
AA,PDX,CLT,0
AA,PDX,DCA,0
AA,PDX,DFW,0
AA,PDX,LAX,0
AA,PDX,LGB,0
AA,PDX,OAK,0
AA,PDX,ONT,0
AA,PDX,ORD,0
AA,PDX,PHL,0
AA,PDX,PHX,0
AA,PDX,SAN,0
AA,PDX,SFO,0
AA,PDX,SJC,0
AA,PDX,SNA,0
AA,PDX,YVR,0
AA,PGV,CLT,0
AA,PHF,CLT,0
AA,PHF,PHL,0
AA,PHL,ABE,0
AA,PHL,ALB,0
AA,PHL,AMS,0
AA,PHL,ART,0
AA,PHL,ATL,0
AA,PHL,AUA,0
AA,PHL,AUS,0
AA,PHL,AVP,0
AA,PHL,BCN,0
AA,PHL,BDA,0
AA,PHL,BDL,0
AA,PHL,BGM,0
AA,PHL,BGR,0
AA,PHL,BHM,0
AA,PHL,BNA,0
AA,PHL,BOS,0
AA,PHL,BRU,0
AA,PHL,BTV,0
AA,PHL,BUF,0
AA,PHL,BWI,0
AA,PHL,CAE,0
AA,PHL,CAK,0
AA,PHL,CDG,0
AA,PHL,CHO,0
AA,PHL,CHS,0
AA,PHL,CLE,0
AA,PHL,CLT,0
AA,PHL,CMH,0
AA,PHL,CUN,0
AA,PHL,CVG,0
AA,PHL,DAY,0
AA,PHL,DCA,0
AA,PHL,DEN,0
AA,PHL,DFW,0
AA,PHL,DOH,0
AA,PHL,DTW,0
AA,PHL,DUB,0
AA,PHL,ELM,0
AA,PHL,ERI,0
AA,PHL,EWR,0
AA,PHL,FCO,0
AA,PHL,FLL,0
AA,PHL,FRA,0
AA,PHL,GCM,0
AA,PHL,GLA,0
AA,PHL,GSO,0
AA,PHL,GSP,0
AA,PHL,HPN,0
AA,PHL,HVN,0
AA,PHL,IAH,0
AA,PHL,ILM,0
AA,PHL,IND,0
AA,PHL,IPT,0
AA,PHL,ISP,0
AA,PHL,ITH,0
AA,PHL,JAX,0
AA,PHL,LAS,0
AA,PHL,LAX,0
AA,PHL,LGA,0
AA,PHL,LHR,0
AA,PHL,LIS,0
AA,PHL,MAD,0
AA,PHL,MAN,0
AA,PHL,MBJ,0
AA,PHL,MCI,0
AA,PHL,MCO,0
AA,PHL,MDT,0
AA,PHL,MHT,0
AA,PHL,MIA,0
AA,PHL,MKE,0
AA,PHL,MSP,0
AA,PHL,MSY,0
AA,PHL,MUC,0
AA,PHL,MYR,0
AA,PHL,NAS,0
AA,PHL,ORD,0
AA,PHL,ORF,0
AA,PHL,PDX,0
AA,PHL,PHF,0
AA,PHL,PHX,0
AA,PHL,PIT,0
AA,PHL,PLS,0
AA,PHL,PUJ,0
AA,PHL,PVD,0
AA,PHL,PWM,0
AA,PHL,RDU,0
AA,PHL,RIC,0
AA,PHL,ROA,0
AA,PHL,ROC,0
AA,PHL,RSW,0
AA,PHL,SAN,0
AA,PHL,SAT,0
AA,PHL,SAV,0
AA,PHL,SBY,0
AA,PHL,SCE,0
AA,PHL,SDF,0
AA,PHL,SDQ,0
AA,PHL,SEA,0
AA,PHL,SFO,0
AA,PHL,SJU,0
AA,PHL,SLC,0
AA,PHL,STL,0
AA,PHL,STT,0
AA,PHL,SWF,0
AA,PHL,SXM,0
AA,PHL,SYR,0
AA,PHL,TLV,0
AA,PHL,TPA,0
AA,PHL,TYS,0
AA,PHL,VCE,0
AA,PHL,YHZ,0
AA,PHL,YOW,0
AA,PHL,YQB,0
AA,PHL,YUL,0
AA,PHL,YYZ,0
AA,PHL,ZRH,0
AA,PHX,ABQ,0
AA,PHX,ANC,0
AA,PHX,ATL,0
AA,PHX,AUS,0
AA,PHX,BFL,0
AA,PHX,BOI,0
AA,PHX,BOS,0
AA,PHX,BUR,0
AA,PHX,BWI,0
AA,PHX,CLT,0
AA,PHX,CMH,0
AA,PHX,CUN,0
AA,PHX,DCA,0
AA,PHX,DEN,0
AA,PHX,DFW,0
AA,PHX,DRO,0
AA,PHX,DSM,0
AA,PHX,DTW,0
AA,PHX,ELP,0
AA,PHX,EWR,0
AA,PHX,FAT,0
AA,PHX,FLG,0
AA,PHX,FLL,0
AA,PHX,GDL,0
AA,PHX,GEG,0
AA,PHX,GJT,0
AA,PHX,HNL,0
AA,PHX,IAH,0
AA,PHX,IND,0
AA,PHX,JFK,0
AA,PHX,KOA,0
AA,PHX,LAS,0
AA,PHX,LAX,0
AA,PHX,LGB,0
AA,PHX,LHR,0
AA,PHX,LIH,0
AA,PHX,MCI,0
AA,PHX,MCO,0
AA,PHX,MEX,0
AA,PHX,MIA,0
AA,PHX,MKE,0
AA,PHX,MRY,0
AA,PHX,MSP,0
AA,PHX,MZT,0
AA,PHX,OAK,0
AA,PHX,OGG,0
AA,PHX,OMA,0
AA,PHX,ONT,0
AA,PHX,ORD,0
AA,PHX,PDX,0
AA,PHX,PHL,0
AA,PHX,PIT,0
AA,PHX,PSP,0
AA,PHX,PVR,0
AA,PHX,RNO,0
AA,PHX,SAN,0
AA,PHX,SAT,0
AA,PHX,SBA,0
AA,PHX,SBP,0
AA,PHX,SEA,0
AA,PHX,SFO,0
AA,PHX,SJC,0
AA,PHX,SJD,0
AA,PHX,SLC,0
AA,PHX,SMF,0
AA,PHX,SNA,0
AA,PHX,STL,0
AA,PHX,TPA,0
AA,PHX,TUS,0
AA,PHX,YEG,0
AA,PHX,YUM,0
AA,PHX,YVR,0
AA,PHX,YYC,0
AA,PHX,ZIH,0
AA,PIA,DFW,0
AA,PIA,ORD,0
AA,PIT,BDL,0
AA,PIT,BOS,0
AA,PIT,CLT,0
AA,PIT,DCA,0
AA,PIT,DFW,0
AA,PIT,JFK,0
AA,PIT,LAX,0
AA,PIT,LGA,0
AA,PIT,MIA,0
AA,PIT,ORD,0
AA,PIT,PHL,0
AA,PIT,PHX,0
AA,PIT,RDU,0
AA,PIT,STL,0
AA,PNS,CLT,0
AA,PNS,DCA,0
AA,PNS,DFW,0
AA,PNS,MIA,0
AA,PSP,DFW,0
AA,PSP,ORD,0
AA,PSP,PHX,0
AA,PSP,SFO,0
AA,PVD,CLT,0
AA,PVD,DCA,0
AA,PVD,PHL,0
AA,RAP,DFW,0
AA,RDM,LAX,0
AA,RDU,CLT,0
AA,RDU,DCA,0
AA,RDU,DFW,0
AA,RDU,JFK,0
AA,RDU,LAX,0
AA,RDU,LGA,0
AA,RDU,LHR,0
AA,RDU,MIA,0
AA,RDU,ORD,0
AA,RDU,PHL,0
AA,RDU,PIT,0
AA,RIC,BOS,0
AA,RIC,CLT,0
AA,RIC,DFW,0
AA,RIC,LGA,0
AA,RIC,MIA,0
AA,RIC,ORD,0
AA,RIC,PHL,0
AA,RNO,DFW,0
AA,RNO,LAX,0
AA,RNO,ORD,0
AA,RNO,PHX,0
AA,ROA,CLT,0
AA,ROA,LGA,0
AA,ROA,PHL,0
AA,ROC,BOS,0
AA,ROC,CLT,0
AA,ROC,DCA,0
AA,ROC,ORD,0
AA,ROC,PHL,0
AA,ROW,DFW,0
AA,RST,ORD,0
AA,RSW,CLT,0
AA,RSW,DCA,0
AA,RSW,DFW,0
AA,RSW,DUS,0
AA,RSW,ORD,0
AA,RSW,PHL,0
AA,SAF,DFW,0
AA,SAF,LAX,0
AA,SAN,BOS,0
AA,SAN,CLT,0
AA,SAN,DCA,0
AA,SAN,DFW,0
AA,SAN,JFK,0
AA,SAN,LAX,0
AA,SAN,LHR,0
AA,SAN,MCO,0
AA,SAN,MIA,0
AA,SAN,NRT,0
AA,SAN,ORD,0
AA,SAN,PDX,0
AA,SAN,PHL,0
AA,SAN,PHX,0
AA,SAN,PVR,0
AA,SAN,SEA,0
AA,SAN,STS,0
AA,SAN,YYC,0
AA,SAT,CLT,0
AA,SAT,DFW,0
AA,SAT,ORD,0
AA,SAT,PHL,0
AA,SAT,PHX,0
AA,SAV,CLT,0
AA,SAV,DCA,0
AA,SAV,DFW,0
AA,SAV,PHL,0
AA,SBA,PHX,0
AA,SBP,PHX,0
AA,SBY,CLT,0
AA,SBY,PHL,0
AA,SCE,PHL,0
AA,SDF,CLT,0
AA,SDF,DCA,0
AA,SDF,DFW,0
AA,SDF,LGA,0
AA,SDF,MIA,0
AA,SDF,ORD,0
AA,SDF,PHL,0
AA,SEA,BOS,0
AA,SEA,BUR,0
AA,SEA,CLT,0
AA,SEA,DEN,0
AA,SEA,DFW,0
AA,SEA,EWR,0
AA,SEA,JFK,0
AA,SEA,KTN,0
AA,SEA,LAX,0
AA,SEA,LGB,0
AA,SEA,LHR,0
AA,SEA,MCI,0
AA,SEA,MCO,0
AA,SEA,MIA,0
AA,SEA,OAK,0
AA,SEA,ONT,0
AA,SEA,ORD,0
AA,SEA,PEK,0
AA,SEA,PHL,0
AA,SEA,PHX,0
AA,SEA,SAN,0
AA,SEA,SFO,0
AA,SEA,SJC,0
AA,SEA,SMF,0
AA,SEA,SNA,0
AA,SEA,STL,0
AA,SEA,YVR,0
AA,SFO,CLT,0
AA,SFO,DFW,0
AA,SFO,HKG,0
AA,SFO,HND,0
AA,SFO,JFK,0
AA,SFO,LAX,0
AA,SFO,LHR,0
AA,SFO,MIA,0
AA,SFO,ORD,0
AA,SFO,PDX,0
AA,SFO,PHL,0
AA,SFO,PHX,0
AA,SFO,PSP,0
AA,SFO,PVR,0
AA,SFO,SEA,0
AA,SGF,DFW,0
AA,SGF,ORD,0
AA,SHV,DFW,0
AA,SJC,DFW,0
AA,SJC,GDL,0
AA,SJC,HNL,0
AA,SJC,KOA,0
AA,SJC,LAX,0
AA,SJC,LIH,0
AA,SJC,OGG,0
AA,SJC,ORD,0
AA,SJC,PDX,0
AA,SJC,PHX,0
AA,SJC,SEA,0
AA,SJT,DFW,0
AA,SLC,CLT,0
AA,SLC,DFW,0
AA,SLC,LAX,0
AA,SLC,ORD,0
AA,SLC,PHL,0
AA,SLC,PHX,0
AA,SMF,CLT,0
AA,SMF,DFW,0
AA,SMF,LAX,0
AA,SMF,OGG,0
AA,SMF,PHX,0
AA,SMF,SEA,0
AA,SNA,DFW,0
AA,SNA,ORD,0
AA,SNA,PDX,0
AA,SNA,PHX,0
AA,SNA,SEA,0
AA,SPS,DFW,0
AA,SRQ,CLT,0
AA,SRQ,DCA,0
AA,STL,CLT,0
AA,STL,DCA,0
AA,STL,DFW,0
AA,STL,LAX,0
AA,STL,LGA,0
AA,STL,MIA,0
AA,STL,ORD,0
AA,STL,PHL,0
AA,STL,PHX,0
AA,STL,PIT,0
AA,STL,SEA,0
AA,STS,LAX,0
AA,STS,SAN,0
AA,SUX,ORD,0
AA,SWF,PHL,0
AA,SYR,BOS,0
AA,SYR,CLT,0
AA,SYR,DCA,0
AA,SYR,ORD,0
AA,SYR,PHL,0
AA,TLH,CLT,0
AA,TLH,DCA,0
AA,TLH,DFW,0
AA,TLH,MIA,0
AA,TOL,ORD,0
AA,TPA,CLT,0
AA,TPA,DCA,0
AA,TPA,DFW,0
AA,TPA,JFK,0
AA,TPA,LGW,0
AA,TPA,MIA,0
AA,TPA,ORD,0
AA,TPA,PHL,0
AA,TPA,PHX,0
AA,TRI,CLT,0
AA,TUL,DFW,0
AA,TUL,MIA,0
AA,TUL,ORD,0
AA,TUS,DFW,0
AA,TUS,LAX,0
AA,TUS,ORD,0
AA,TUS,PHX,0
AA,TVC,ORD,0
AA,TXK,DFW,0
AA,TYR,DFW,0
AA,TYS,CLT,0
AA,TYS,DCA,0
AA,TYS,DFW,0
AA,TYS,LGA,0
AA,TYS,ORD,0
AA,TYS,PHL,0
AA,VPS,CLT,0
AA,VPS,DCA,0
AA,VPS,DFW,0
AA,XNA,CLT,0
AA,XNA,DFW,0
AA,XNA,LAX,0
AA,XNA,LGA,0
AA,XNA,ORD,0
AA,YUM,PHX,0
AC,ATL,DEN,0
AC,ATL,YYZ,0
AC,BDL,YUL,0
AC,BDL,YYZ,0
AC,BNA,YYZ,0
AC,BOS,YHZ,0
AC,BOS,YOW,0
AC,BOS,YUL,0
AC,BOS,YYZ,0
AC,BWI,YYZ,0
AC,CLE,YYZ,0
AC,CMH,YYZ,0
AC,CVG,YYZ,0
AC,DCA,YOW,0
AC,DEN,ATL,0
AC,DEN,MSY,0
AC,DEN,YEG,0
AC,DEN,YMM,0
AC,DEN,YQR,0
AC,DEN,YUL,0
AC,DEN,YVR,0
AC,DEN,YWG,0
AC,DEN,YXE,0
AC,DEN,YYC,0
AC,DEN,YYZ,0
AC,DTW,YYZ,0
AC,EWR,MSY,0
AC,EWR,YEG,0
AC,EWR,YUL,0
AC,EWR,YVR,0
AC,EWR,YYC,0
AC,EWR,YYZ,0
AC,FLL,YUL,0
AC,FLL,YYZ,0
AC,HNL,YVR,0
AC,IAD,MSY,0
AC,IAD,YOW,0
AC,IAD,YUL,0
AC,IAD,YYZ,0
AC,IAH,MSY,0
AC,IAH,YEG,0
AC,IAH,YUL,0
AC,IAH,YYC,0
AC,IAH,YYZ,0
AC,IND,YYZ,0
AC,LAS,YUL,0
AC,LAX,YLW,0
AC,LAX,YUL,0
AC,LGA,YOW,0
AC,MCI,YYZ,0
AC,MCO,YUL,0
AC,MDT,YYZ,0
AC,MKE,YYZ,0
AC,MSP,YYZ,0
AC,MSY,DEN,0
AC,MSY,EWR,0
AC,MSY,IAD,0
AC,MSY,IAH,0
AC,MSY,YYZ,0
AC,OGG,YVR,0
AC,ORD,YEG,0
AC,ORD,YHZ,0
AC,ORD,YOW,0
AC,ORD,YQB,0
AC,ORD,YQR,0
AC,ORD,YWG,0
AC,ORD,YXU,0
AC,PDX,YYC,0
AC,PHX,YYZ,0
AC,PIT,YYZ,0
AC,RDU,YYZ,0
AC,ROC,YYZ,0
AC,RSW,YYZ,0
AC,SAN,YYZ,0
AC,SEA,YYZ,0
AC,SFO,YEG,0
AC,SFO,YUL,0
AC,SFO,YVR,0
AC,SFO,YYC,0
AC,SFO,YYJ,0
AC,SFO,YYZ,0
AC,STL,YYZ,0
AC,SYR,YYZ,0
AC,TPA,YYZ,0
AF,ABE,ATL,0
AF,ABQ,ATL,0
AF,ABY,ATL,0
AF,AEX,ATL,0
AF,AGS,ATL,0
AF,ALB,ATL,0
AF,ATL,ABE,0
AF,ATL,ABQ,0
AF,ATL,ABY,0
AF,ATL,AEX,0
AF,ATL,AGS,0
AF,ATL,ALB,0
AF,ATL,ATW,0
AF,ATL,AUS,0
AF,ATL,AVL,0
AF,ATL,AVP,0
AF,ATL,BDL,0
AF,ATL,BHM,0
AF,ATL,BMI,0
AF,ATL,BNA,0
AF,ATL,BOS,0
AF,ATL,BQK,0
AF,ATL,BRU,0
AF,ATL,BTR,0
AF,ATL,BTV,0
AF,ATL,BUF,0
AF,ATL,BWI,0
AF,ATL,CAE,0
AF,ATL,CAK,0
AF,ATL,CDG,0
AF,ATL,CHO,0
AF,ATL,CHS,0
AF,ATL,CLE,0
AF,ATL,CMH,0
AF,ATL,COS,0
AF,ATL,CSG,0
AF,ATL,CUN,0
AF,ATL,CZM,0
AF,ATL,DAB,0
AF,ATL,DAL,0
AF,ATL,DAY,0
AF,ATL,DCA,0
AF,ATL,DHN,0
AF,ATL,DSM,0
AF,ATL,DTW,0
AF,ATL,DUB,0
AF,ATL,DUS,0
AF,ATL,ECP,0
AF,ATL,ELP,0
AF,ATL,EWN,0
AF,ATL,EWR,0
AF,ATL,EYW,0
AF,ATL,FAY,0
AF,ATL,FCO,0
AF,ATL,FLL,0
AF,ATL,FNT,0
AF,ATL,FRA,0
AF,ATL,FSM,0
AF,ATL,GDL,0
AF,ATL,GNV,0
AF,ATL,GPT,0
AF,ATL,GRB,0
AF,ATL,GRK,0
AF,ATL,GRR,0
AF,ATL,GTR,0
AF,ATL,HPN,0
AF,ATL,HSV,0
AF,ATL,IAD,0
AF,ATL,IAH,0
AF,ATL,ICT,0
AF,ATL,ILM,0
AF,ATL,IND,0
AF,ATL,JAN,0
AF,ATL,JAX,0
AF,ATL,JFK,0
AF,ATL,LAS,0
AF,ATL,LAX,0
AF,ATL,LFT,0
AF,ATL,LGA,0
AF,ATL,LIT,0
AF,ATL,MAD,0
AF,ATL,MAN,0
AF,ATL,MCI,0
AF,ATL,MCO,0
AF,ATL,MDT,0
AF,ATL,MDW,0
AF,ATL,MEM,0
AF,ATL,MEX,0
AF,ATL,MGM,0
AF,ATL,MHT,0
AF,ATL,MKE,0
AF,ATL,MLB,0
AF,ATL,MLI,0
AF,ATL,MLU,0
AF,ATL,MOB,0
AF,ATL,MSN,0
AF,ATL,MSY,0
AF,ATL,MTY,0
AF,ATL,MUC,0
AF,ATL,MYR,0
AF,ATL,NAS,0
AF,ATL,OAJ,0
AF,ATL,OKC,0
AF,ATL,OMA,0
AF,ATL,ORF,0
AF,ATL,PDX,0
AF,ATL,PHF,0
AF,ATL,PIA,0
AF,ATL,PIT,0
AF,ATL,PNS,0
AF,ATL,PTY,0
AF,ATL,PVD,0
AF,ATL,PWM,0
AF,ATL,RDU,0
AF,ATL,RIC,0
AF,ATL,ROC,0
AF,ATL,RSW,0
AF,ATL,SAN,0
AF,ATL,SAT,0
AF,ATL,SAV,0
AF,ATL,SBN,0
AF,ATL,SDF,0
AF,ATL,SEA,0
AF,ATL,SFO,0
AF,ATL,SGF,0
AF,ATL,SHV,0
AF,ATL,SJO,0
AF,ATL,SJU,0
AF,ATL,SLC,0
AF,ATL,SMF,0
AF,ATL,SNA,0
AF,ATL,SRQ,0
AF,ATL,STL,0
AF,ATL,STR,0
AF,ATL,TLH,0
AF,ATL,TPA,0
AF,ATL,TRI,0
AF,ATL,TUL,0
AF,ATL,TUS,0
AF,ATL,VLD,0
AF,ATL,VPS,0
AF,ATL,YUL,0
AF,ATW,ATL,0
AF,AUS,ATL,0
AF,AVL,ATL,0
AF,BDL,ATL,0
AF,BHM,ATL,0
AF,BMI,ATL,0
AF,BNA,ATL,0
AF,BOS,ATL,0
AF,BOS,CDG,0
AF,BQK,ATL,0
AF,BTR,ATL,0
AF,BUF,ATL,0
AF,BWI,ATL,0
AF,CAE,ATL,0
AF,CAK,ATL,0
AF,CHO,ATL,0
AF,CHS,ATL,0
AF,CID,ATL,0
AF,CLE,ATL,0
AF,CMH,ATL,0
AF,CSG,ATL,0
AF,CVG,CDG,0
AF,DAB,ATL,0
AF,DAL,ATL,0
AF,DAY,ATL,0
AF,DCA,ATL,0
AF,DHN,ATL,0
AF,DSM,ATL,0
AF,DTW,ATL,0
AF,DTW,CDG,0
AF,DTW,FRA,0
AF,DTW,LHR,0
AF,ECP,ATL,0
AF,ELP,ATL,0
AF,EWN,ATL,0
AF,EWR,ATL,0
AF,EWR,CDG,0
AF,EYW,ATL,0
AF,FAY,ATL,0
AF,FLL,ATL,0
AF,FNT,ATL,0
AF,FSM,ATL,0
AF,GNV,ATL,0
AF,GPT,ATL,0
AF,GRB,ATL,0
AF,GRK,ATL,0
AF,GRR,ATL,0
AF,GTR,ATL,0
AF,HPN,ATL,0
AF,HSV,ATL,0
AF,IAD,ATL,0
AF,IAD,CDG,0
AF,IAH,ATL,0
AF,IAH,CDG,0
AF,ICT,ATL,0
AF,ILM,ATL,0
AF,IND,ATL,0
AF,JAN,ATL,0
AF,JAX,ATL,0
AF,JFK,ATL,0
AF,JFK,BRU,0
AF,JFK,FRA,0
AF,JFK,NCE,0
AF,LAS,ATL,0
AF,LAX,ATL,0
AF,LAX,CDG,0
AF,LAX,MSP,0
AF,LFT,ATL,0
AF,LGA,ATL,0
AF,LIT,ATL,0
AF,MCI,ATL,0
AF,MCO,ATL,0
AF,MDW,ATL,0
AF,MEM,ATL,0
AF,MGM,ATL,0
AF,MKE,ATL,0
AF,MLB,ATL,0
AF,MLI,ATL,0
AF,MLU,ATL,0
AF,MOB,ATL,0
AF,MSN,ATL,0
AF,MSP,CDG,0
AF,MSP,LAX,0
AF,MSP,LHR,0
AF,MSP,SEA,0
AF,MSP,SFO,0
AF,MSY,ATL,0
AF,MYR,ATL,0
AF,OAJ,ATL,0
AF,OKC,ATL,0
AF,OMA,ATL,0
AF,ORF,ATL,0
AF,PDX,ATL,0
AF,PHF,ATL,0
AF,PIA,ATL,0
AF,PIT,ATL,0
AF,PIT,CDG,0
AF,PNS,ATL,0
AF,PVD,ATL,0
AF,RDU,ATL,0
AF,RIC,ATL,0
AF,ROC,ATL,0
AF,RSW,ATL,0
AF,SAN,ATL,0
AF,SAT,ATL,0
AF,SAV,ATL,0
AF,SBN,ATL,0
AF,SDF,ATL,0
AF,SEA,ATL,0
AF,SEA,CDG,0
AF,SEA,HNL,0
AF,SFO,ATL,0
AF,SFO,CDG,0
AF,SFO,HNL,0
AF,SGF,ATL,0
AF,SHV,ATL,0
AF,SLC,ATL,0
AF,SLC,CDG,0
AF,SMF,ATL,0
AF,SNA,ATL,0
AF,SRQ,ATL,0
AF,STL,ATL,0
AF,TLH,ATL,0
AF,TPA,ATL,0
AF,TRI,ATL,0
AF,TUL,ATL,0
AF,TUS,ATL,0
AF,VLD,ATL,0
AF,VPS,ATL,0
AI,EWR,BOM,0
AI,JFK,DEL,0
AI,ORD,DEL,0
AI,SFO,ICN,0
AM,ATL,PVR,0
AM,ATL,SJD,0
AM,CVG,CUN,0
AM,DTW,CUN,0
AM,DTW,MEX,0
AM,DTW,MTY,0
AM,FAT,GDL,0
AM,IAD,MEX,0
AM,IAH,MEX,0
AM,IND,CUN,0
AM,LAS,MEX,0
AM,LAX,CUN,0
AM,LAX,HMO,0
AM,LAX,MZT,0
AM,LAX,PVR,0
AM,LAX,ZIH,0
AM,LAX,ZLO,0
AM,MCO,CUN,0
AM,MCO,MEX,0
AM,MIA,MID,0
AM,MSP,CUN,0
AM,ONT,GDL,0
AM,ORD,GDL,0
AM,PHX,HMO,0
AM,RDU,CUN,0
AM,SFO,BJX,0
AM,SFO,GDL,0
AM,SFO,MEX,0
AM,SFO,MLM,0
AM,SFO,SJD,0
AM,SJC,SJD,0
AM,SLC,CUN,0
AM,SLC,PVR,0
AM,SLC,SJD,0
AM,SMF,GDL,0
AS,ADK,ANC,0
AS,AKN,ANC,0
AS,ALW,SEA,0
AS,ANC,ADK,0
AS,ANC,AKN,0
AS,ANC,BRW,0
AS,ANC,CDB,0
AS,ANC,DLG,0
AS,ANC,HNL,0
AS,ANC,JNU,0
AS,ANC,LAS,0
AS,ANC,MCG,0
AS,ANC,OME,0
AS,ANC,ORD,0
AS,ANC,OTZ,0
AS,ANC,PDX,0
AS,ANC,SCC,0
AS,ANC,SDP,0
AS,ANC,SEA,0
AS,ANC,SNP,0
AS,ANC,STG,0
AS,ANI,MCG,0
AS,AUS,SEA,0
AS,BIL,PDX,0
AS,BIL,SEA,0
AS,BLI,HNL,0
AS,BLI,LAS,0
AS,BLI,PDX,0
AS,BLI,SEA,0
AS,BOI,LWS,0
AS,BOI,PDX,0
AS,BOI,SAN,0
AS,BOI,SEA,0
AS,BOI,SJC,0
AS,BOI,SMF,0
AS,BOS,ISP,0
AS,BOS,PBG,0
AS,BOS,PQI,0
AS,BRW,ANC,0
AS,BRW,FAI,0
AS,BRW,SCC,0
AS,BZN,SEA,0
AS,CDB,ANC,0
AS,CDV,YAK,0
AS,COS,SEA,0
AS,DCA,SEA,0
AS,DLG,ANC,0
AS,DTW,PDX,0
AS,DTW,SAN,0
AS,EAT,SEA,0
AS,EUG,SEA,0
AS,FAI,SEA,0
AS,FAT,PDX,0
AS,FAT,SAN,0
AS,FAT,SEA,0
AS,FCA,SEA,0
AS,FLL,SEA,0
AS,GEG,PDX,0
AS,GEG,SEA,0
AS,GTF,HLN,0
AS,GTF,SEA,0
AS,HLN,GTF,0
AS,HLN,SEA,0
AS,HNL,ANC,0
AS,HNL,BLI,0
AS,HNL,PDX,0
AS,HNL,SAN,0
AS,HNL,SEA,0
AS,IAH,SEA,0
AS,ISP,BOS,0
AS,JNU,ANC,0
AS,JNU,PSG,0
AS,JNU,SEA,0
AS,JNU,SIT,0
AS,JNU,YAK,0
AS,KOA,SEA,0
AS,KTN,SIT,0
AS,KTN,WRG,0
AS,LAS,ANC,0
AS,LAS,BLI,0
AS,LAS,PDX,0
AS,LAS,SEA,0
AS,LAX,LTO,0
AS,LAX,MSY,0
AS,LIH,SAN,0
AS,LIH,SEA,0
AS,LWS,BOI,0
AS,LWS,PUW,0
AS,LWS,SEA,0
AS,MCG,ANC,0
AS,MCG,ANI,0
AS,MFR,PDX,0
AS,MFR,SEA,0
AS,MRY,SAN,0
AS,MSO,PDX,0
AS,MSO,SEA,0
AS,MSP,SAN,0
AS,MSY,LAX,0
AS,MSY,SLC,0
AS,OGG,PDX,0
AS,OGG,SAN,0
AS,OGG,SEA,0
AS,OMA,SEA,0
AS,OME,ANC,0
AS,ORD,ANC,0
AS,OTZ,ANC,0
AS,PBG,BOS,0
AS,PDX,ANC,0
AS,PDX,BIL,0
AS,PDX,BLI,0
AS,PDX,BOI,0
AS,PDX,DTW,0
AS,PDX,EUG,0
AS,PDX,FAT,0
AS,PDX,GEG,0
AS,PDX,HNL,0
AS,PDX,LAS,0
AS,PDX,MFR,0
AS,PDX,MSO,0
AS,PDX,OGG,0
AS,PDX,PSC,0
AS,PDX,PSP,0
AS,PDX,RDM,0
AS,PDX,RNO,0
AS,PDX,SBA,0
AS,PDX,SEA,0
AS,PDX,SLC,0
AS,PDX,SMF,0
AS,PDX,STS,0
AS,PDX,TUS,0
AS,PQI,BOS,0
AS,PSC,PDX,0
AS,PSC,SEA,0
AS,PSG,JNU,0
AS,PSG,WRG,0
AS,PSP,PDX,0
AS,PSP,SEA,0
AS,PSP,SMF,0
AS,PUW,LWS,0
AS,PUW,SEA,0
AS,RDM,PDX,0
AS,RDM,SEA,0
AS,RNO,PDX,0
AS,RNO,SEA,0
AS,RNO,SJC,0
AS,SAN,BOI,0
AS,SAN,DTW,0
AS,SAN,FAT,0
AS,SAN,HNL,0
AS,SAN,LIH,0
AS,SAN,MRY,0
AS,SAN,MSP,0
AS,SAN,OGG,0
AS,SAN,SJD,0
AS,SAN,SLC,0
AS,SAT,SEA,0
AS,SBA,PDX,0
AS,SBA,SEA,0
AS,SCC,ANC,0
AS,SCC,BRW,0
AS,SDP,ANC,0
AS,SEA,ALW,0
AS,SEA,ANC,0
AS,SEA,AUS,0
AS,SEA,BIL,0
AS,SEA,BLI,0
AS,SEA,BOI,0
AS,SEA,BZN,0
AS,SEA,COS,0
AS,SEA,DCA,0
AS,SEA,EAT,0
AS,SEA,EUG,0
AS,SEA,FAI,0
AS,SEA,FAT,0
AS,SEA,FCA,0
AS,SEA,FLL,0
AS,SEA,GEG,0
AS,SEA,GTF,0
AS,SEA,IAH,0
AS,SEA,JNU,0
AS,SEA,KOA,0
AS,SEA,LAS,0
AS,SEA,LIH,0
AS,SEA,LWS,0
AS,SEA,MFR,0
AS,SEA,MSO,0
AS,SEA,MSP,0
AS,SEA,OGG,0
AS,SEA,OMA,0
AS,SEA,PDX,0
AS,SEA,PSC,0
AS,SEA,PSP,0
AS,SEA,PUW,0
AS,SEA,RDM,0
AS,SEA,RNO,0
AS,SEA,SAT,0
AS,SEA,SBA,0
AS,SEA,SLC,0
AS,SEA,STS,0
AS,SEA,TUS,0
AS,SEA,YEG,0
AS,SEA,YKM,0
AS,SEA,YLW,0
AS,SEA,YYC,0
AS,SEA,YYJ,0
AS,SIT,JNU,0
AS,SIT,KTN,0
AS,SJC,BOI,0
AS,SJC,RNO,0
AS,SLC,CVG,0
AS,SLC,MSY,0
AS,SLC,PDX,0
AS,SLC,SAN,0
AS,SLC,SEA,0
AS,SMF,BOI,0
AS,SMF,PDX,0
AS,SMF,PSP,0
AS,SNP,ANC,0
AS,STG,ANC,0
AS,STS,PDX,0
AS,STS,SEA,0
AS,TUS,PDX,0
AS,TUS,SEA,0
AS,WRG,KTN,0
AS,WRG,PSG,0
AS,YAK,CDV,0
AS,YAK,JNU,0
AS,YKM,SEA,0
AT,JFK,CMN,0
AV,EWR,BOG,0
AV,EWR,SAL,0
AV,FLL,BOG,0
AV,IAD,BOG,0
AV,IAD,SAL,0
AV,IAH,BOG,0
AV,IAH,SAL,0
AV,JFK,BOG,0
AV,JFK,MDE,0
AV,JFK,SAL,0
AV,JFK,SAP,0
AV,LAX,GUA,0
AV,LAX,SAL,0
AV,MCO,BOG,0
AV,MCO,SAL,0
AV,MIA,BAQ,0
AV,MIA,CTG,0
AV,ORD,SAL,0
AV,SFO,SAL,0
AZ,ATL,HOU,0
AZ,BOS,FCO,0
AZ,HOU,ATL,0
AZ,JFK,VCE,0
AZ,LAX,FCO,0
AZ,MIA,FCO,0
B6,ABQ,JFK,0
B6,AUS,BOS,0
B6,AUS,FLL,0
B6,AUS,LGB,0
B6,AUS,MCO,0
B6,AUS,SFO,0
B6,BDL,FLL,0
B6,BDL,MCO,0
B6,BDL,SJU,0
B6,BDL,TPA,0
B6,BOS,AUA,0
B6,BOS,AUS,0
B6,BOS,BWI,0
B6,BOS,CHS,0
B6,BOS,DEN,0
B6,BOS,DTW,0
B6,BOS,DXB,0
B6,BOS,EWR,0
B6,BOS,FLL,0
B6,BOS,HOU,0
B6,BOS,IAD,0
B6,BOS,JAX,0
B6,BOS,LAS,0
B6,BOS,LGB,0
B6,BOS,MCO,0
B6,BOS,MSY,0
B6,BOS,NAS,0
B6,BOS,PLS,0
B6,BOS,PUJ,0
B6,BOS,RDU,0
B6,BOS,RSW,0
B6,BOS,SAV,0
B6,BOS,SDQ,0
B6,BOS,SFO,0
B6,BOS,SJC,0
B6,BOS,SJU,0
B6,BOS,STI,0
B6,BOS,STT,0
B6,BOS,SXM,0
B6,BOS,TPA,0
B6,BTV,JFK,0
B6,BUF,JFK,0
B6,BUF,MCO,0
B6,BUR,JFK,0
B6,BWI,BOS,0
B6,CHS,BOS,0
B6,CHS,JFK,0
B6,DCA,SJU,0
B6,DEN,BOS,0
B6,DEN,JFK,0
B6,DFW,DXB,0
B6,DTW,BOS,0
B6,EWR,BOS,0
B6,EWR,FLL,0
B6,EWR,MCO,0
B6,EWR,RSW,0
B6,EWR,SJU,0
B6,EWR,STI,0
B6,EWR,TPA,0
B6,FLL,AUS,0
B6,FLL,BDL,0
B6,FLL,BOS,0
B6,FLL,CUN,0
B6,FLL,EWR,0
B6,FLL,HPN,0
B6,FLL,JFK,0
B6,FLL,KIN,0
B6,FLL,LAX,0
B6,FLL,LGA,0
B6,FLL,LIM,0
B6,FLL,MBJ,0
B6,FLL,MDE,0
B6,FLL,NAS,0
B6,FLL,ORH,0
B6,FLL,POS,0
B6,FLL,PUJ,0
B6,FLL,PVD,0
B6,FLL,RDU,0
B6,FLL,RIC,0
B6,FLL,SDQ,0
B6,FLL,SFO,0
B6,FLL,SJO,0
B6,FLL,SJU,0
B6,FLL,SWF,0
B6,HOU,BOS,0
B6,HOU,JFK,0
B6,HPN,FLL,0
B6,HPN,MCO,0
B6,HPN,RSW,0
B6,HPN,TPA,0
B6,IAD,BOS,0
B6,IAD,DXB,0
B6,IAD,JFK,0
B6,IAD,LGB,0
B6,IAH,DXB,0
B6,JAX,BOS,0
B6,JAX,JFK,0
B6,JAX,SJU,0
B6,JFK,ABQ,0
B6,JFK,AUA,0
B6,JFK,AZS,0
B6,JFK,BGI,0
B6,JFK,BQN,0
B6,JFK,BTV,0
B6,JFK,BUF,0
B6,JFK,BUR,0
B6,JFK,CHS,0
B6,JFK,CTG,0
B6,JFK,DEN,0
B6,JFK,DXB,0
B6,JFK,FLL,0
B6,JFK,GCM,0
B6,JFK,HOU,0
B6,JFK,IAD,0
B6,JFK,JAX,0
B6,JFK,JNB,0
B6,JFK,KIN,0
B6,JFK,LGB,0
B6,JFK,LIR,0
B6,JFK,LRM,0
B6,JFK,MBJ,0
B6,JFK,NAS,0
B6,JFK,OAK,0
B6,JFK,PDX,0
B6,JFK,PLS,0
B6,JFK,POP,0
B6,JFK,POS,0
B6,JFK,PSE,0
B6,JFK,PUJ,0
B6,JFK,PWM,0
B6,JFK,ROC,0
B6,JFK,RSW,0
B6,JFK,SAV,0
B6,JFK,SDQ,0
B6,JFK,SJC,0
B6,JFK,SLC,0
B6,JFK,SMF,0
B6,JFK,SRQ,0
B6,JFK,STI,0
B6,JFK,SYR,0
B6,JFK,UVF,0
B6,LAS,BOS,0
B6,LAS,LGB,0
B6,LAX,DXB,0
B6,LAX,FLL,0
B6,LGA,FLL,0
B6,LGA,MCO,0
B6,LGA,RSW,0
B6,LGA,SRQ,0
B6,LGA,TPA,0
B6,LGB,AUS,0
B6,LGB,BOS,0
B6,LGB,IAD,0
B6,LGB,JFK,0
B6,LGB,LAS,0
B6,LGB,OAK,0
B6,LGB,SFO,0
B6,LGB,SLC,0
B6,LGB,SMF,0
B6,MCO,AUS,0
B6,MCO,BDL,0
B6,MCO,BOS,0
B6,MCO,BQN,0
B6,MCO,BUF,0
B6,MCO,EWR,0
B6,MCO,HPN,0
B6,MCO,LGA,0
B6,MCO,MBJ,0
B6,MCO,NAS,0
B6,MCO,ORH,0
B6,MCO,PSE,0
B6,MCO,PVD,0
B6,MCO,RIC,0
B6,MCO,SDQ,0
B6,MCO,SJO,0
B6,MCO,SJU,0
B6,MCO,SWF,0
B6,MCO,SYR,0
B6,MSY,BOS,0
B6,OAK,JFK,0
B6,OAK,LGB,0
B6,ORH,FLL,0
B6,ORH,MCO,0
B6,PDX,JFK,0
B6,PVD,FLL,0
B6,PVD,MCO,0
B6,PWM,JFK,0
B6,RDU,BOS,0
B6,RDU,FLL,0
B6,RIC,FLL,0
B6,RIC,MCO,0
B6,ROC,JFK,0
B6,RSW,BOS,0
B6,RSW,EWR,0
B6,RSW,HPN,0
B6,RSW,JFK,0
B6,RSW,LGA,0
B6,SAV,BOS,0
B6,SAV,JFK,0
B6,SEA,DXB,0
B6,SFO,AUS,0
B6,SFO,BOS,0
B6,SFO,DXB,0
B6,SFO,FLL,0
B6,SFO,LGB,0
B6,SJC,BOS,0
B6,SJC,JFK,0
B6,SLC,JFK,0
B6,SLC,LGB,0
B6,SMF,JFK,0
B6,SMF,LGB,0
B6,SRQ,JFK,0
B6,SRQ,LGA,0
B6,SWF,FLL,0
B6,SWF,MCO,0
B6,SYR,JFK,0
B6,SYR,MCO,0
B6,TPA,BDL,0
B6,TPA,BOS,0
B6,TPA,EWR,0
B6,TPA,HPN,0
B6,TPA,LGA,0
B6,TPA,SJU,0
BR,JFK,TPE,0
BR,LAX,TPE,0
BR,SEA,TPE,0
BR,SFO,TPE,0
BW,JFK,GEO,0
BW,JFK,GND,0
BW,JFK,TAB,0
BW,MCO,KIN,0
BW,MCO,POS,0
CA,EWR,PEK,0
CA,EWR,PVG,0
CA,HNL,PEK,0
CA,IAD,PEK,0
CA,IAH,CUN,0
CA,IAH,PEK,0
CA,JFK,PEK,0
CA,LAX,PEK,0
CA,SFO,PEK,0
CA,SFO,PVG,0
CI,HNL,TPE,0
CI,JFK,KIX,0
CM,BOS,PTY,0
CM,EWR,PTY,0
CM,IAD,PTY,0
CM,IAH,PTY,0
CM,IAH,SFO,0
CM,JFK,PTY,0
CM,LAS,PTY,0
CM,LAX,PTY,0
CM,MCO,PTY,0
CM,ORD,PTY,0
CM,TPA,PTY,0
CX,JFK,YVR,0
CZ,DTW,PEK,0
CZ,DTW,PVG,0
CZ,LAX,CAN,0
DE,LAS,FRA,0
DE,LAS,MAN,0
DE,MCO,GLA,0
DE,MCO,MAN,0
DE,SEA,FRA,0
DL,ABE,DTW,0
DL,ABQ,MSP,0
DL,ABQ,SLC,0
DL,ABR,MSP,0
DL,ALB,DTW,0
DL,ALB,MSP,0
DL,ANC,MSP,0
DL,ANC,SLC,0
DL,APN,DTW,0
DL,APN,MSP,0
DL,ATL,AMS,0
DL,ATL,AUA,0
DL,ATL,BDA,0
DL,ATL,BJX,0
DL,ATL,BOG,0
DL,ATL,BON,0
DL,ATL,BSB,0
DL,ATL,BZE,0
DL,ATL,CCS,0
DL,ATL,DXB,0
DL,ATL,EZE,0
DL,ATL,FAR,0
DL,ATL,FPO,0
DL,ATL,FSD,0
DL,ATL,GCM,0
DL,ATL,GGT,0
DL,ATL,GIG,0
DL,ATL,GRU,0
DL,ATL,GUA,0
DL,ATL,HNL,0
DL,ATL,ICN,0
DL,ATL,JNB,0
DL,ATL,KIN,0
DL,ATL,LIM,0
DL,ATL,LIR,0
DL,ATL,LOS,0
DL,ATL,MBJ,0
DL,ATL,MGA,0
DL,ATL,NRT,0
DL,ATL,PAP,0
DL,ATL,PLS,0
DL,ATL,PUJ,0
DL,ATL,RTB,0
DL,ATL,SAL,0
DL,ATL,SAP,0
DL,ATL,SCL,0
DL,ATL,SDQ,0
DL,ATL,SJC,0
DL,ATL,STT,0
DL,ATL,SXM,0
DL,ATL,TGU,0
DL,ATL,UIO,0
DL,ATL,UVF,0
DL,ATL,ZRH,0
DL,ATW,DTW,0
DL,ATW,MSP,0
DL,AUS,DTW,0
DL,AUS,MEM,0
DL,AUS,MSP,0
DL,AUS,SLC,0
DL,AVL,DTW,0
DL,AVP,ATL,0
DL,AVP,DTW,0
DL,AZO,DTW,0
DL,AZO,MSP,0
DL,BDL,CVG,0
DL,BDL,DTW,0
DL,BDL,MSP,0
DL,BDL,RDU,0
DL,BGM,DTW,0
DL,BGR,DTW,0
DL,BGR,LGA,0
DL,BHM,DTW,0
DL,BHM,LGA,0
DL,BHM,MCO,0
DL,BHM,MSP,0
DL,BIL,MSP,0
DL,BIL,SLC,0
DL,BIS,MSP,0
DL,BMI,DTW,0
DL,BMI,MSP,0
DL,BNA,CVG,0
DL,BNA,DTW,0
DL,BNA,MCO,0
DL,BNA,MSP,0
DL,BNA,SLC,0
DL,BOI,MSP,0
DL,BOI,SLC,0
DL,BOS,AMS,0
DL,BOS,BDA,0
DL,BOS,CMH,0
DL,BOS,CVG,0
DL,BOS,IND,0
DL,BOS,MSP,0
DL,BOS,MYR,0
DL,BOS,SLC,0
DL,BRD,INL,0
DL,BRD,MSP,0
DL,BTM,SLC,0
DL,BTV,ATL,0
DL,BTV,DTW,0
DL,BTV,LGA,0
DL,BUF,DTW,0
DL,BUF,LGA,0
DL,BUF,MSP,0
DL,BUR,SLC,0
DL,BWI,CVG,0
DL,BWI,DTW,0
DL,BWI,MSP,0
DL,BWI,RDU,0
DL,BWI,SLC,0
DL,BZN,MSP,0
DL,BZN,SLC,0
DL,CAE,DTW,0
DL,CAE,LGA,0
DL,CAK,DTW,0
DL,CDC,SLC,0
DL,CHA,DTW,0
DL,CHS,DTW,0
DL,CHS,LGA,0
DL,CID,DTW,0
DL,CID,MSP,0
DL,CIU,DTW,0
DL,CLE,DTW,0
DL,CLE,LGA,0
DL,CLE,MSP,0
DL,CMH,BOS,0
DL,CMH,DTW,0
DL,CMH,MCO,0
DL,CMH,MSP,0
DL,CMH,RDU,0
DL,CMH,RSW,0
DL,CMH,TPA,0
DL,CNY,SLC,0
DL,COD,SLC,0
DL,COS,ATL,0
DL,COS,SLC,0
DL,CPR,SLC,0
DL,CRW,DTW,0
DL,CVG,BDL,0
DL,CVG,BNA,0
DL,CVG,BOS,0
DL,CVG,BWI,0
DL,CVG,DEN,0
DL,CVG,DTW,0
DL,CVG,EWR,0
DL,CVG,FLL,0
DL,CVG,GRR,0
DL,CVG,IAH,0
DL,CVG,JAX,0
DL,CVG,LAS,0
DL,CVG,LAX,0
DL,CVG,LGA,0
DL,CVG,MCI,0
DL,CVG,MCO,0
DL,CVG,MEM,0
DL,CVG,MKE,0
DL,CVG,MSN,0
DL,CVG,MSP,0
DL,CVG,MSY,0
DL,CVG,PIT,0
DL,CVG,PUJ,0
DL,CVG,RDU,0
DL,CVG,RIC,0
DL,CVG,RSW,0
DL,CVG,SFO,0
DL,CVG,SLC,0
DL,CVG,STL,0
DL,CVG,TPA,0
DL,CVG,XNA,0
DL,CWA,DTW,0
DL,CWA,MSP,0
DL,DAY,DTW,0
DL,DAY,MSP,0
DL,DCA,LEX,0
DL,DCA,MSN,0
DL,DCA,SLC,0
DL,DEN,CVG,0
DL,DEN,DTW,0
DL,DEN,LGA,0
DL,DEN,MEM,0
DL,DEN,MSP,0
DL,DEN,SLC,0
DL,DFW,AMS,0
DL,DIK,MSP,0
DL,DLH,MSP,0
DL,DSM,DTW,0
DL,DSM,LGA,0
DL,DSM,MSP,0
DL,DTW,ABE,0
DL,DTW,ALB,0
DL,DTW,AMS,0
DL,DTW,APN,0
DL,DTW,ATW,0
DL,DTW,AUS,0
DL,DTW,AVL,0
DL,DTW,AVP,0
DL,DTW,AZO,0
DL,DTW,BDL,0
DL,DTW,BGM,0
DL,DTW,BGR,0
DL,DTW,BHM,0
DL,DTW,BMI,0
DL,DTW,BNA,0
DL,DTW,BTV,0
DL,DTW,BUF,0
DL,DTW,BWI,0
DL,DTW,CAE,0
DL,DTW,CAK,0
DL,DTW,CHA,0
DL,DTW,CHS,0
DL,DTW,CID,0
DL,DTW,CIU,0
DL,DTW,CLE,0
DL,DTW,CMH,0
DL,DTW,CRW,0
DL,DTW,CVG,0
DL,DTW,CWA,0
DL,DTW,DAY,0
DL,DTW,DEN,0
DL,DTW,DSM,0
DL,DTW,ELM,0
DL,DTW,ERI,0
DL,DTW,ESC,0
DL,DTW,EVV,0
DL,DTW,EWR,0
DL,DTW,FLL,0
DL,DTW,FWA,0
DL,DTW,GCM,0
DL,DTW,GRB,0
DL,DTW,GRR,0
DL,DTW,GRU,0
DL,DTW,GSO,0
DL,DTW,GSP,0
DL,DTW,HPN,0
DL,DTW,HSV,0
DL,DTW,IAD,0
DL,DTW,IAH,0
DL,DTW,ICN,0
DL,DTW,IND,0
DL,DTW,ITH,0
DL,DTW,JAX,0
DL,DTW,JFK,0
DL,DTW,LAN,0
DL,DTW,LAS,0
DL,DTW,LAX,0
DL,DTW,LEX,0
DL,DTW,LIT,0
DL,DTW,MBJ,0
DL,DTW,MBS,0
DL,DTW,MCI,0
DL,DTW,MCO,0
DL,DTW,MDT,0
DL,DTW,MDW,0
DL,DTW,MEM,0
DL,DTW,MHT,0
DL,DTW,MKE,0
DL,DTW,MLI,0
DL,DTW,MQT,0
DL,DTW,MSN,0
DL,DTW,MSP,0
DL,DTW,MYR,0
DL,DTW,NAS,0
DL,DTW,NGO,0
DL,DTW,NRT,0
DL,DTW,OKC,0
DL,DTW,OMA,0
DL,DTW,ORF,0
DL,DTW,PIA,0
DL,DTW,PIT,0
DL,DTW,PLN,0
DL,DTW,PUJ,0
DL,DTW,PVD,0
DL,DTW,PWM,0
DL,DTW,RDU,0
DL,DTW,RIC,0
DL,DTW,ROA,0
DL,DTW,ROC,0
DL,DTW,RSW,0
DL,DTW,SAT,0
DL,DTW,SAV,0
DL,DTW,SBN,0
DL,DTW,SCE,0
DL,DTW,SDF,0
DL,DTW,SEA,0
DL,DTW,SFO,0
DL,DTW,SJU,0
DL,DTW,SLC,0
DL,DTW,STL,0
DL,DTW,SWF,0
DL,DTW,SYR,0
DL,DTW,TPA,0
DL,DTW,TUL,0
DL,DTW,TVC,0
DL,DTW,TYS,0
DL,DTW,XNA,0
DL,DTW,YOW,0
DL,EKO,SLC,0
DL,ELM,DTW,0
DL,ERI,DTW,0
DL,ESC,DTW,0
DL,EUG,SLC,0
DL,EVV,DTW,0
DL,EWR,AMS,0
DL,EWR,CVG,0
DL,EWR,DTW,0
DL,EWR,MSP,0
DL,EWR,SLC,0
DL,EYW,LGA,0
DL,FAR,ATL,0
DL,FAR,MSP,0
DL,FAR,SLC,0
DL,FAT,SLC,0
DL,FCA,MSP,0
DL,FCA,SLC,0
DL,FLL,CVG,0
DL,FLL,DTW,0
DL,FLL,MSP,0
DL,FNT,MSP,0
DL,FSD,ATL,0
DL,FSD,MSP,0
DL,FWA,DTW,0
DL,FWA,MSP,0
DL,GCC,RKS,0
DL,GCC,SLC,0
DL,GEG,LAX,0
DL,GEG,MSP,0
DL,GEG,SLC,0
DL,GFK,MSP,0
DL,GJT,SLC,0
DL,GRB,DTW,0
DL,GRB,MSP,0
DL,GRR,CVG,0
DL,GRR,DTW,0
DL,GRR,LGA,0
DL,GRR,MCO,0
DL,GRR,MSP,0
DL,GSO,DTW,0
DL,GSP,DTW,0
DL,GSP,LGA,0
DL,GTF,MSP,0
DL,GTF,SLC,0
DL,HIB,MSP,0
DL,HLN,MSP,0
DL,HLN,SLC,0
DL,HNL,ATL,0
DL,HNL,FUK,0
DL,HNL,ICN,0
DL,HNL,SFO,0
DL,HNL,SLC,0
DL,HPN,DTW,0
DL,HSV,DTW,0
DL,IAD,AMS,0
DL,IAD,DTW,0
DL,IAD,ICN,0
DL,IAD,MSP,0
DL,IAD,SVO,0
DL,IAH,AMS,0
DL,IAH,CVG,0
DL,IAH,DTW,0
DL,IAH,LGA,0
DL,IAH,MEM,0
DL,IAH,MSP,0
DL,IAH,SLC,0
DL,ICT,MSP,0
DL,IDA,SLC,0
DL,IMT,MSP,0
DL,IMT,RHI,0
DL,IND,BOS,0
DL,IND,DTW,0
DL,IND,LGA,0
DL,IND,MBJ,0
DL,IND,MCO,0
DL,IND,MEM,0
DL,IND,MSP,0
DL,IND,RDU,0
DL,IND,RSW,0
DL,IND,SLC,0
DL,IND,TPA,0
DL,INL,BRD,0
DL,INL,MSP,0
DL,ITH,DTW,0
DL,JAC,SLC,0
DL,JAX,CVG,0
DL,JAX,DTW,0
DL,JAX,LGA,0
DL,JAX,MSP,0
DL,JFK,ACC,0
DL,JFK,AMS,0
DL,JFK,DKR,0
DL,JFK,DTW,0
DL,JFK,GUA,0
DL,JFK,ICN,0
DL,JFK,MSP,0
DL,JFK,PHL,0
DL,JFK,PVG,0
DL,JFK,RIC,0
DL,JFK,SAT,0
DL,JFK,SDF,0
DL,JFK,STL,0
DL,JFK,SVO,0
DL,JFK,TLV,0
DL,LAN,DTW,0
DL,LAN,MSP,0
DL,LAS,CVG,0
DL,LAS,DTW,0
DL,LAS,ICN,0
DL,LAS,MCO,0
DL,LAS,MEM,0
DL,LAS,MSP,0
DL,LAS,RDU,0
DL,LAS,SLC,0
DL,LAX,AMS,0
DL,LAX,BJX,0
DL,LAX,BZE,0
DL,LAX,CVG,0
DL,LAX,DTW,0
DL,LAX,GEG,0
DL,LAX,HND,0
DL,LAX,ICN,0
DL,LAX,LIR,0
DL,LAX,MCI,0
DL,LAX,MEM,0
DL,LAX,OAK,0
DL,LAX,SJO,0
DL,LAX,SVO,0
DL,LAX,TPA,0
DL,LEX,DCA,0
DL,LEX,DTW,0
DL,LEX,LGA,0
DL,LEX,MSP,0
DL,LGA,AUA,0
DL,LGA,BGR,0
DL,LGA,BHM,0
DL,LGA,BTV,0
DL,LGA,BUF,0
DL,LGA,CAE,0
DL,LGA,CHS,0
DL,LGA,CLE,0
DL,LGA,CVG,0
DL,LGA,DEN,0
DL,LGA,DSM,0
DL,LGA,EYW,0
DL,LGA,GRR,0
DL,LGA,GSP,0
DL,LGA,IAH,0
DL,LGA,IND,0
DL,LGA,JAX,0
DL,LGA,LEX,0
DL,LGA,MCI,0
DL,LGA,MEM,0
DL,LGA,MHT,0
DL,LGA,MKE,0
DL,LGA,MSN,0
DL,LGA,MSP,0
DL,LGA,MYR,0
DL,LGA,OMA,0
DL,LGA,PWM,0
DL,LGA,ROC,0
DL,LGA,SAV,0
DL,LGA,SYR,0
DL,LGA,YHZ,0
DL,LIT,DTW,0
DL,LNK,MSP,0
DL,LSE,MSP,0
DL,LWS,SLC,0
DL,MBS,DTW,0
DL,MBS,MSP,0
DL,MCI,CVG,0
DL,MCI,DTW,0
DL,MCI,LAX,0
DL,MCI,LGA,0
DL,MCI,MCO,0
DL,MCI,MEM,0
DL,MCI,MSP,0
DL,MCI,SLC,0
DL,MCO,BHM,0
DL,MCO,BNA,0
DL,MCO,CMH,0
DL,MCO,CVG,0
DL,MCO,DTW,0
DL,MCO,GRR,0
DL,MCO,IND,0
DL,MCO,LAS,0
DL,MCO,MCI,0
DL,MCO,MEM,0
DL,MCO,MKE,0
DL,MCO,MSP,0
DL,MCO,OMA,0
DL,MCO,ORF,0
DL,MCO,PIT,0
DL,MCO,RDU,0
DL,MCO,SAT,0
DL,MCO,SDF,0
DL,MCO,SLC,0
DL,MDT,DTW,0
DL,MDW,DTW,0
DL,MDW,MSP,0
DL,MEM,AUS,0
DL,MEM,CVG,0
DL,MEM,DEN,0
DL,MEM,DTW,0
DL,MEM,IAH,0
DL,MEM,IND,0
DL,MEM,LAS,0
DL,MEM,LAX,0
DL,MEM,LGA,0
DL,MEM,MCI,0
DL,MEM,MCO,0
DL,MEM,MSP,0
DL,MEM,PIT,0
DL,MEM,RDU,0
DL,MEM,SAT,0
DL,MEM,SLC,0
DL,MFR,SLC,0
DL,MHT,ATL,0
DL,MHT,DTW,0
DL,MHT,LGA,0
DL,MIA,SVO,0
DL,MKE,CVG,0
DL,MKE,DTW,0
DL,MKE,LGA,0
DL,MKE,MCO,0
DL,MKE,MSP,0
DL,MLI,DTW,0
DL,MLI,MSP,0
DL,MOT,MSP,0
DL,MQT,DTW,0
DL,MSN,CVG,0
DL,MSN,DCA,0
DL,MSN,DTW,0
DL,MSN,LGA,0
DL,MSN,MSP,0
DL,MSN,SLC,0
DL,MSO,MSP,0
DL,MSO,SLC,0
DL,MSP,ABQ,0
DL,MSP,ABR,0
DL,MSP,ALB,0
DL,MSP,AMS,0
DL,MSP,ANC,0
DL,MSP,APN,0
DL,MSP,ATW,0
DL,MSP,AUS,0
DL,MSP,AZO,0
DL,MSP,BDL,0
DL,MSP,BHM,0
DL,MSP,BIL,0
DL,MSP,BIS,0
DL,MSP,BJI,0
DL,MSP,BMI,0
DL,MSP,BNA,0
DL,MSP,BOI,0
DL,MSP,BOS,0
DL,MSP,BRD,0
DL,MSP,BUF,0
DL,MSP,BWI,0
DL,MSP,BZN,0
DL,MSP,CID,0
DL,MSP,CLE,0
DL,MSP,CMH,0
DL,MSP,CVG,0
DL,MSP,CWA,0
DL,MSP,DAY,0
DL,MSP,DEN,0
DL,MSP,DIK,0
DL,MSP,DLH,0
DL,MSP,DSM,0
DL,MSP,DTW,0
DL,MSP,EWR,0
DL,MSP,FAR,0
DL,MSP,FCA,0
DL,MSP,FLL,0
DL,MSP,FNT,0
DL,MSP,FSD,0
DL,MSP,FWA,0
DL,MSP,GEG,0
DL,MSP,GFK,0
DL,MSP,GRB,0
DL,MSP,GRR,0
DL,MSP,GTF,0
DL,MSP,HIB,0
DL,MSP,HLN,0
DL,MSP,IAD,0
DL,MSP,IAH,0
DL,MSP,ICT,0
DL,MSP,IMT,0
DL,MSP,IND,0
DL,MSP,INL,0
DL,MSP,JAX,0
DL,MSP,JFK,0
DL,MSP,LAN,0
DL,MSP,LAS,0
DL,MSP,LEX,0
DL,MSP,LGA,0
DL,MSP,LNK,0
DL,MSP,LSE,0
DL,MSP,MBS,0
DL,MSP,MCI,0
DL,MSP,MCO,0
DL,MSP,MDW,0
DL,MSP,MEM,0
DL,MSP,MKE,0
DL,MSP,MLI,0
DL,MSP,MOT,0
DL,MSP,MSN,0
DL,MSP,MSO,0
DL,MSP,NRT,0
DL,MSP,OKC,0
DL,MSP,OMA,0
DL,MSP,ORF,0
DL,MSP,PDX,0
DL,MSP,PIA,0
DL,MSP,PIT,0
DL,MSP,PSC,0
DL,MSP,PSP,0
DL,MSP,RAP,0
DL,MSP,RDU,0
DL,MSP,RHI,0
DL,MSP,RIC,0
DL,MSP,ROC,0
DL,MSP,RST,0
DL,MSP,RSW,0
DL,MSP,SAT,0
DL,MSP,SBN,0
DL,MSP,SDF,0
DL,MSP,SJC,0
DL,MSP,SLC,0
DL,MSP,SMF,0
DL,MSP,SNA,0
DL,MSP,STL,0
DL,MSP,SYR,0
DL,MSP,TPA,0
DL,MSP,TUL,0
DL,MSP,TUS,0
DL,MSP,TVC,0
DL,MSP,TYS,0
DL,MSP,XNA,0
DL,MSP,YEG,0
DL,MSP,YQR,0
DL,MSP,YUL,0
DL,MSP,YVR,0
DL,MSP,YWG,0
DL,MSP,YXE,0
DL,MSP,YYC,0
DL,MSY,CVG,0
DL,MYR,BOS,0
DL,MYR,DTW,0
DL,MYR,LGA,0
DL,OAK,LAX,0
DL,OAK,SLC,0
DL,OKC,DTW,0
DL,OKC,MSP,0
DL,OKC,SLC,0
DL,OMA,DTW,0
DL,OMA,LGA,0
DL,OMA,MCO,0
DL,OMA,MSP,0
DL,OMA,SLC,0
DL,ONT,SLC,0
DL,ORD,AMS,0
DL,ORD,ICN,0
DL,ORF,DTW,0
DL,ORF,MCO,0
DL,ORF,MSP,0
DL,PDX,AMS,0
DL,PDX,MSP,0
DL,PDX,NRT,0
DL,PHL,JFK,0
DL,PIA,DTW,0
DL,PIA,MSP,0
DL,PIH,SLC,0
DL,PIT,CVG,0
DL,PIT,DTW,0
DL,PIT,MCO,0
DL,PIT,MEM,0
DL,PIT,MSP,0
DL,PIT,PUJ,0
DL,PLN,DTW,0
DL,PSC,MSP,0
DL,PSC,SLC,0
DL,PSP,MSP,0
DL,PSP,SLC,0
DL,PVD,DTW,0
DL,RAP,MSP,0
DL,RAP,SLC,0
DL,RDM,SLC,0
DL,RDU,BDL,0
DL,RDU,BWI,0
DL,RDU,CMH,0
DL,RDU,CVG,0
DL,RDU,DTW,0
DL,RDU,IND,0
DL,RDU,LAS,0
DL,RDU,MCO,0
DL,RDU,MEM,0
DL,RDU,MSP,0
DL,RDU,SLC,0
DL,RDU,TPA,0
DL,RHI,IMT,0
DL,RHI,MSP,0
DL,RIC,CVG,0
DL,RIC,DTW,0
DL,RIC,JFK,0
DL,RIC,MSP,0
DL,RKS,GCC,0
DL,RKS,SLC,0
DL,RNO,SLC,0
DL,ROA,DTW,0
DL,ROC,DTW,0
DL,ROC,LGA,0
DL,ROC,MSP,0
DL,RST,MSP,0
DL,RSW,CMH,0
DL,RSW,CVG,0
DL,RSW,DTW,0
DL,RSW,IND,0
DL,RSW,MSP,0
DL,SAT,DTW,0
DL,SAT,JFK,0
DL,SAT,MCO,0
DL,SAT,MEM,0
DL,SAT,MSP,0
DL,SAT,SLC,0
DL,SAV,DTW,0
DL,SAV,LGA,0
DL,SBN,DTW,0
DL,SBN,MSP,0
DL,SCE,DTW,0
DL,SDF,DTW,0
DL,SDF,JFK,0
DL,SDF,MCO,0
DL,SDF,MSP,0
DL,SEA,AMS,0
DL,SEA,DTW,0
DL,SEA,HND,0
DL,SEA,ICN,0
DL,SEA,NRT,0
DL,SEA,PVG,0
DL,SFO,AMS,0
DL,SFO,CVG,0
DL,SFO,DTW,0
DL,SFO,MSP,0
DL,SFO,SLC,0
DL,SGU,SLC,0
DL,SJC,ATL,0
DL,SJC,MSP,0
DL,SJC,SLC,0
DL,SLC,ABQ,0
DL,SLC,ANC,0
DL,SLC,AUS,0
DL,SLC,BIL,0
DL,SLC,BNA,0
DL,SLC,BOI,0
DL,SLC,BOS,0
DL,SLC,BTM,0
DL,SLC,BUR,0
DL,SLC,BWI,0
DL,SLC,BZN,0
DL,SLC,CDC,0
DL,SLC,CNY,0
DL,SLC,COD,0
DL,SLC,COS,0
DL,SLC,CPR,0
DL,SLC,DCA,0
DL,SLC,DEN,0
DL,SLC,DTW,0
DL,SLC,EKO,0
DL,SLC,EUG,0
DL,SLC,EWR,0
DL,SLC,FAR,0
DL,SLC,FAT,0
DL,SLC,FCA,0
DL,SLC,GCC,0
DL,SLC,GDL,0
DL,SLC,GEG,0
DL,SLC,GJT,0
DL,SLC,GTF,0
DL,SLC,HLN,0
DL,SLC,HNL,0
DL,SLC,IAH,0
DL,SLC,IDA,0
DL,SLC,IND,0
DL,SLC,JAC,0
DL,SLC,LAS,0
DL,SLC,LWS,0
DL,SLC,MCI,0
DL,SLC,MCO,0
DL,SLC,MEM,0
DL,SLC,MFR,0
DL,SLC,MSN,0
DL,SLC,MSO,0
DL,SLC,MSP,0
DL,SLC,OAK,0
DL,SLC,OKC,0
DL,SLC,OMA,0
DL,SLC,ONT,0
DL,SLC,PIH,0
DL,SLC,PSC,0
DL,SLC,PSP,0
DL,SLC,RAP,0
DL,SLC,RDM,0
DL,SLC,RDU,0
DL,SLC,RKS,0
DL,SLC,RNO,0
DL,SLC,SAT,0
DL,SLC,SFO,0
DL,SLC,SGU,0
DL,SLC,SJC,0
DL,SLC,SMF,0
DL,SLC,SNA,0
DL,SLC,STL,0
DL,SLC,TUL,0
DL,SLC,TUS,0
DL,SLC,TWF,0
DL,SLC,VEL,0
DL,SLC,YVR,0
DL,SLC,YYC,0
DL,SMF,MSP,0
DL,SMF,SLC,0
DL,SNA,MSP,0
DL,SNA,SLC,0
DL,SNA,YVR,0
DL,STL,CVG,0
DL,STL,DTW,0
DL,STL,JFK,0
DL,STL,MSP,0
DL,STL,SLC,0
DL,SWF,DTW,0
DL,SYR,DTW,0
DL,SYR,LGA,0
DL,SYR,MSP,0
DL,TPA,CMH,0
DL,TPA,CVG,0
DL,TPA,DTW,0
DL,TPA,IND,0
DL,TPA,LAX,0
DL,TPA,MSP,0
DL,TPA,RDU,0
DL,TUL,DTW,0
DL,TUL,MSP,0
DL,TUL,SLC,0
DL,TUS,MSP,0
DL,TUS,SLC,0
DL,TVC,DTW,0
DL,TVC,MSP,0
DL,TWF,SLC,0
DL,TYS,DTW,0
DL,TYS,MSP,0
DL,VEL,SLC,0
DL,XNA,CVG,0
DL,XNA,DTW,0
DL,XNA,MSP,0
DY,FLL,ARN,0
DY,FLL,CPH,0
DY,FLL,OSL,0
DY,JFK,ARN,0
DY,JFK,BGO,0
DY,JFK,CPH,0
DY,JFK,OSL,0
DY,LAX,ARN,0
DY,LAX,CPH,0
DY,OAK,ARN,0
EI,BOS,DUB,0
EI,BOS,SNN,0
EI,IAD,DUB,0
EI,JFK,SNN,0
EI,MCO,DUB,0
EI,SFO,DUB,0
ET,IAD,ADD,0
F9,AIA,CDR,0
F9,ALS,DEN,0
F9,ALS,FMN,0
F9,ATL,TTN,0
F9,ATY,PIR,0
F9,AUS,DEN,0
F9,BIS,DEN,0
F9,BKG,DEN,0
F9,BMI,DEN,0
F9,BMI,MCO,0
F9,BNA,DEN,0
F9,BNA,TTN,0
F9,BZN,DEN,0
F9,CDR,DEN,0
F9,CID,DEN,0
F9,CLE,CUN,0
F9,CLE,DEN,0
F9,CLE,PUJ,0
F9,CLE,TTN,0
F9,CLT,TTN,0
F9,CVG,TTN,0
F9,CYS,DEN,0
F9,CYS,WRL,0
F9,DCA,DEN,0
F9,DDC,DEN,0
F9,DDC,LBL,0
F9,DEN,AIA,0
F9,DEN,ALS,0
F9,DEN,AUS,0
F9,DEN,BIS,0
F9,DEN,BKG,0
F9,DEN,BMI,0
F9,DEN,BNA,0
F9,DEN,BZN,0
F9,DEN,CID,0
F9,DEN,CLE,0
F9,DEN,CUN,0
F9,DEN,CYS,0
F9,DEN,CZM,0
F9,DEN,DCA,0
F9,DEN,DSM,0
F9,DEN,EUG,0
F9,DEN,FAR,0
F9,DEN,FAT,0
F9,DEN,FLL,0
F9,DEN,FMN,0
F9,DEN,FSD,0
F9,DEN,GEG,0
F9,DEN,GSO,0
F9,DEN,IAH,0
F9,DEN,ILG,0
F9,DEN,IND,0
F9,DEN,LAS,0
F9,DEN,LIR,0
F9,DEN,LIT,0
F9,DEN,MCI,0
F9,DEN,MCO,0
F9,DEN,MDT,0
F9,DEN,MDW,0
F9,DEN,MKE,0
F9,DEN,MOT,0
F9,DEN,MSN,0
F9,DEN,OKC,0
F9,DEN,OMA,0
F9,DEN,PDX,0
F9,DEN,PHF,0
F9,DEN,PIR,0
F9,DEN,PSP,0
F9,DEN,PVR,0
F9,DEN,RSW,0
F9,DEN,SAN,0
F9,DEN,SBA,0
F9,DEN,SFO,0
F9,DEN,SJD,0
F9,DEN,SJO,0
F9,DEN,SNA,0
F9,DEN,STL,0
F9,DEN,TPA,0
F9,DEN,TYS,0
F9,DSM,DEN,0
F9,DTW,ILG,0
F9,DTW,TTN,0
F9,EUG,DEN,0
F9,FAR,DEN,0
F9,FAT,DEN,0
F9,FLL,DEN,0
F9,FLL,TTN,0
F9,FSD,DEN,0
F9,GEG,DEN,0
F9,GSO,DEN,0
F9,IAH,DEN,0
F9,ILG,DEN,0
F9,ILG,DTW,0
F9,ILG,MCO,0
F9,ILG,MDW,0
F9,ILG,RSW,0
F9,ILG,TPA,0
F9,IND,DEN,0
F9,IND,TTN,0
F9,LAS,DEN,0
F9,LAX,IGM,0
F9,LBL,DDC,0
F9,LBL,DEN,0
F9,LIT,DEN,0
F9,MCI,CUN,0
F9,MCI,DEN,0
F9,MCO,BMI,0
F9,MCO,DEN,0
F9,MCO,ILG,0
F9,MCO,MDT,0
F9,MCO,TTN,0
F9,MDT,DEN,0
F9,MDT,MCO,0
F9,MDW,DEN,0
F9,MDW,ILG,0
F9,MDW,TTN,0
F9,MKE,DEN,0
F9,MOT,DEN,0
F9,MSN,DEN,0
F9,OKC,DEN,0
F9,OMA,DEN,0
F9,ORD,PUJ,0
F9,PDX,DEN,0
F9,PGA,DEN,0
F9,PHF,DEN,0
F9,PHX,SOW,0
F9,PIR,ATY,0
F9,PIR,DEN,0
F9,PIR,HON,0
F9,PIT,CUN,0
F9,PSP,DEN,0
F9,RDU,TTN,0
F9,RSW,DEN,0
F9,RSW,ILG,0
F9,RSW,TTN,0
F9,SAN,DEN,0
F9,SBA,DEN,0
F9,SFO,DEN,0
F9,SNA,DEN,0
F9,SOW,FMN,0
F9,SOW,PHX,0
F9,STL,CUN,0
F9,STL,DEN,0
F9,STL,MBJ,0
F9,STL,PUJ,0
F9,STL,PVR,0
F9,TPA,DEN,0
F9,TPA,ILG,0
F9,TPA,TTN,0
F9,TTN,ATL,0
F9,TTN,BNA,0
F9,TTN,CLE,0
F9,TTN,CLT,0
F9,TTN,CVG,0
F9,TTN,DTW,0
F9,TTN,FLL,0
F9,TTN,IND,0
F9,TTN,MCO,0
F9,TTN,MDW,0
F9,TTN,RDU,0
F9,TTN,RSW,0
F9,TTN,TPA,0
F9,TTN,UST,0
F9,TYS,DEN,0
F9,UST,TTN,0
FI,BOS,KEF,0
FI,DEN,KEF,0
FI,EWR,KEF,0
FI,IAD,KEF,0
FI,JFK,KEF,0
FI,SEA,KEF,0
FI,SFB,KEF,0
FJ,HNL,APW,0
FJ,HNL,CXI,0
FJ,HNL,NAN,0
FL,ABQ,DEN,0
FL,ABQ,LAS,0
FL,ABQ,MCI,0
FL,ABQ,MDW,0
FL,ABQ,PDX,0
FL,ALB,BWI,0
FL,ALB,EWR,0
FL,ALB,FLL,0
FL,ALB,MDW,0
FL,ALB,TPA,0
FL,AMA,DAL,0
FL,AMA,DEN,0
FL,AMA,MDW,0
FL,AUS,CUN,0
FL,AUS,ELP,0
FL,AUS,HRL,0
FL,AUS,MDW,0
FL,AUS,OAK,0
FL,AUS,SJC,0
FL,AUS,SMF,0
FL,BDL,BWI,0
FL,BDL,MDW,0
FL,BHM,BWI,0
FL,BHM,DAL,0
FL,BHM,LAS,0
FL,BHM,TPA,0
FL,BNA,BWI,0
FL,BNA,CHS,0
FL,BNA,HOU,0
FL,BNA,MDW,0
FL,BNA,PIT,0
FL,BNA,PVD,0
FL,BNA,TPA,0
FL,BOI,DEN,0
FL,BOS,CAK,0
FL,BOS,MDW,0
FL,BUF,BWI,0
FL,BUF,FLL,0
FL,BUF,MDW,0
FL,BUR,LAS,0
FL,BWI,ABQ,0
FL,BWI,ALB,0
FL,BWI,AUA,0
FL,BWI,AUS,0
FL,BWI,BDL,0
FL,BWI,BNA,0
FL,BWI,BUF,0
FL,BWI,CLE,0
FL,BWI,CMH,0
FL,BWI,CUN,0
FL,BWI,DAY,0
FL,BWI,DEN,0
FL,BWI,FLL,0
FL,BWI,FNT,0
FL,BWI,IND,0
FL,BWI,ISP,0
FL,BWI,LAS,0
FL,BWI,LAX,0
FL,BWI,MBJ,0
FL,BWI,MCO,0
FL,BWI,MDW,0
FL,BWI,MEM,0
FL,BWI,MHT,0
FL,BWI,MSY,0
FL,BWI,NAS,0
FL,BWI,ORF,0
FL,BWI,PIT,0
FL,BWI,PUJ,0
FL,BWI,PVD,0
FL,BWI,PWM,0
FL,BWI,ROC,0
FL,BWI,RSW,0
FL,BWI,SAN,0
FL,BWI,SAT,0
FL,BWI,SDF,0
FL,BWI,SJU,0
FL,BWI,STL,0
FL,BWI,TPA,0
FL,CAK,BOS,0
FL,CAK,LGA,0
FL,CAK,MCO,0
FL,CAK,TPA,0
FL,CHS,BWI,0
FL,CHS,MDW,0
FL,CHS,TPA,0
FL,CLE,MDW,0
FL,CLT,MDW,0
FL,CMH,BWI,0
FL,CMH,MDW,0
FL,CMH,RNO,0
FL,CMH,STL,0
FL,CRP,LBB,0
FL,DAL,AMA,0
FL,DAL,AUS,0
FL,DAL,BHM,0
FL,DAL,HOU,0
FL,DAL,LBB,0
FL,DAL,LIT,0
FL,DAL,MAF,0
FL,DAL,MCI,0
FL,DAL,MSY,0
FL,DAL,OKC,0
FL,DAL,SAT,0
FL,DAL,SEA,0
FL,DAL,SFO,0
FL,DAL,SLC,0
FL,DAL,STL,0
FL,DAY,BWI,0
FL,DAY,TPA,0
FL,DCA,MKE,0
FL,DEN,ABQ,0
FL,DEN,AMA,0
FL,DEN,BWI,0
FL,DEN,CMH,0
FL,DEN,ONT,0
FL,DEN,ORF,0
FL,DEN,SAT,0
FL,DEN,SMF,0
FL,DEN,TUS,0
FL,DSM,MDW,0
FL,ELP,PHL,0
FL,ELP,SAT,0
FL,EWR,BNA,0
FL,EWR,MDW,0
FL,FLL,BWI,0
FL,FLL,HOU,0
FL,FLL,MKE,0
FL,FLL,MSY,0
FL,FNT,BWI,0
FL,FNT,MCO,0
FL,FNT,TPA,0
FL,GRR,STL,0
FL,GSP,MDW,0
FL,HOU,AUS,0
FL,HOU,BWI,0
FL,HOU,CHS,0
FL,HOU,CLT,0
FL,HOU,CRP,0
FL,HOU,DAL,0
FL,HOU,DEN,0
FL,HOU,GSP,0
FL,HOU,HRL,0
FL,HOU,ISP,0
FL,HOU,LAS,0
FL,HOU,LAX,0
FL,HOU,LIT,0
FL,HOU,MCI,0
FL,HOU,MCO,0
FL,HOU,MDW,0
FL,HOU,MSY,0
FL,HOU,OKC,0
FL,HOU,PHX,0
FL,HOU,PVD,0
FL,HOU,RDU,0
FL,HOU,SNA,0
FL,HOU,TPA,0
FL,HOU,TUL,0
FL,HRL,HOU,0
FL,HRL,MAF,0
FL,IAD,DEN,0
FL,IAD,MDW,0
FL,IAD,TPA,0
FL,ICT,DAL,0
FL,ICT,MDW,0
FL,IND,BWI,0
FL,IND,LAS,0
FL,IND,MCI,0
FL,ISP,BWI,0
FL,ISP,FLL,0
FL,ISP,MCO,0
FL,ISP,SNA,0
FL,ISP,TPA,0
FL,JAN,HOU,0
FL,JAN,MCO,0
FL,JAX,BWI,0
FL,LAS,AUS,0
FL,LAS,BUR,0
FL,LAS,BWI,0
FL,LAS,HOU,0
FL,LAS,IND,0
FL,LAS,MDW,0
FL,LAS,MKE,0
FL,LAS,OAK,0
FL,LAS,PVD,0
FL,LAS,RNO,0
FL,LAS,SAN,0
FL,LAS,SAT,0
FL,LAS,SMF,0
FL,LAS,SNA,0
FL,LAS,TPA,0
FL,LAS,TUS,0
FL,LAX,HOU,0
FL,LAX,MDW,0
FL,LAX,MKE,0
FL,LAX,PWM,0
FL,LBB,DAL,0
FL,LBB,HRL,0
FL,LBB,LAS,0
FL,LGA,CAK,0
FL,LGA,MDW,0
FL,LIT,BWI,0
FL,LIT,DAL,0
FL,LIT,STL,0
FL,MAF,DAL,0
FL,MCI,BWI,0
FL,MCI,DAL,0
FL,MCI,IND,0
FL,MCI,LAS,0
FL,MCI,MDW,0
FL,MCI,MKE,0
FL,MCI,MSY,0
FL,MCI,PDX,0
FL,MCI,SFO,0
FL,MCI,STL,0
FL,MCI,TPA,0
FL,MCO,ALB,0
FL,MCO,AUA,0
FL,MCO,BWI,0
FL,MCO,CAK,0
FL,MCO,ISP,0
FL,MCO,JAN,0
FL,MCO,MDW,0
FL,MCO,MSY,0
FL,MCO,STL,0
FL,MDW,ABQ,0
FL,MDW,ALB,0
FL,MDW,AUS,0
FL,MDW,BDL,0
FL,MDW,BHM,0
FL,MDW,BNA,0
FL,MDW,BOS,0
FL,MDW,BUF,0
FL,MDW,BWI,0
FL,MDW,CHS,0
FL,MDW,CLE,0
FL,MDW,CLT,0
FL,MDW,CMH,0
FL,MDW,CUN,0
FL,MDW,DSM,0
FL,MDW,EWR,0
FL,MDW,GSP,0
FL,MDW,HOU,0
FL,MDW,IAD,0
FL,MDW,ICT,0
FL,MDW,JAN,0
FL,MDW,LAS,0
FL,MDW,LAX,0
FL,MDW,LGA,0
FL,MDW,LIT,0
FL,MDW,MBJ,0
FL,MDW,MCI,0
FL,MDW,MCO,0
FL,MDW,MEM,0
FL,MDW,MHT,0
FL,MDW,MSY,0
FL,MDW,OAK,0
FL,MDW,OKC,0
FL,MDW,OMA,0
FL,MDW,ONT,0
FL,MDW,ORF,0
FL,MDW,PDX,0
FL,MDW,PHL,0
FL,MDW,PHX,0
FL,MDW,PIT,0
FL,MDW,PUJ,0
FL,MDW,PVD,0
FL,MDW,RDU,0
FL,MDW,ROC,0
FL,MDW,RSW,0
FL,MDW,SAN,0
FL,MDW,SAT,0
FL,MDW,SDF,0
FL,MDW,SEA,0
FL,MDW,SFO,0
FL,MDW,SJC,0
FL,MDW,SLC,0
FL,MDW,SMF,0
FL,MDW,STL,0
FL,MDW,TPA,0
FL,MDW,TUL,0
FL,MDW,TUS,0
FL,MEM,BWI,0
FL,MEM,HOU,0
FL,MEM,MDW,0
FL,MEM,TPA,0
FL,MHT,BWI,0
FL,MHT,MDW,0
FL,MHT,MSP,0
FL,MHT,TPA,0
FL,MKE,BOS,0
FL,MKE,BWI,0
FL,MKE,CUN,0
FL,MKE,DCA,0
FL,MKE,FLL,0
FL,MKE,LAS,0
FL,MKE,LAX,0
FL,MKE,MCI,0
FL,MKE,MSY,0
FL,MKE,RSW,0
FL,MKE,SEA,0
FL,MKE,SFO,0
FL,MKE,STL,0
FL,MKE,TPA,0
FL,MSP,OAK,0
FL,MSY,BWI,0
FL,MSY,DAL,0
FL,MSY,EYW,0
FL,MSY,FLL,0
FL,MSY,HOU,0
FL,MSY,LAS,0
FL,MSY,MCI,0
FL,MSY,MCO,0
FL,MSY,MDW,0
FL,MSY,MKE,0
FL,MSY,SAN,0
FL,MSY,STL,0
FL,MSY,TPA,0
FL,OAK,CMH,0
FL,OAK,DEN,0
FL,OAK,LAS,0
FL,OAK,MDW,0
FL,OAK,OKC,0
FL,OAK,SNA,0
FL,OKC,BWI,0
FL,OKC,DAL,0
FL,OKC,HOU,0
FL,OKC,LAS,0
FL,OKC,MDW,0
FL,OKC,STL,0
FL,OMA,MDW,0
FL,OMA,SAN,0
FL,OMA,STL,0
FL,ONT,DEN,0
FL,ONT,LAS,0
FL,ORF,BWI,0
FL,ORF,MDW,0
FL,PDX,MDW,0
FL,PDX,OKC,0
FL,PHL,ICT,0
FL,PHL,MDW,0
FL,PHX,HOU,0
FL,PIT,BWI,0
FL,PIT,MDW,0
FL,PIT,TPA,0
FL,PVD,BWI,0
FL,PVD,LAS,0
FL,PVD,MDW,0
FL,PVD,SAN,0
FL,PVD,SLC,0
FL,PWM,BWI,0
FL,RDU,BNA,0
FL,RDU,MDW,0
FL,RDU,SFO,0
FL,RNO,DEN,0
FL,RNO,MDW,0
FL,ROC,MCO,0
FL,ROC,MDW,0
FL,RSW,BWI,0
FL,RSW,MDW,0
FL,SAN,BWI,0
FL,SAN,HOU,0
FL,SAN,LAS,0
FL,SAN,MCI,0
FL,SAN,RNO,0
FL,SAN,SAT,0
FL,SAN,SDF,0
FL,SAN,SJC,0
FL,SAT,BWI,0
FL,SAT,CUN,0
FL,SAT,DAL,0
FL,SAT,DEN,0
FL,SAT,HOU,0
FL,SAT,LAS,0
FL,SAT,LAX,0
FL,SAT,MDW,0
FL,SAT,STL,0
FL,SAT,TPA,0
FL,SDF,BWI,0
FL,SDF,MDW,0
FL,SEA,BWI,0
FL,SEA,MDW,0
FL,SEA,MKE,0
FL,SFO,MDW,0
FL,SFO,MKE,0
FL,SFO,ORF,0
FL,SJC,DEN,0
FL,SJC,LAS,0
FL,SJC,SAN,0
FL,SLC,MDW,0
FL,SLC,MHT,0
FL,SMF,DEN,0
FL,SMF,LAS,0
FL,SMF,SAN,0
FL,SMF,SNA,0
FL,SNA,LAS,0
FL,SNA,OAK,0
FL,SNA,SFO,0
FL,SNA,SJD,0
FL,STL,BNA,0
FL,STL,BWI,0
FL,STL,CMH,0
FL,STL,DAL,0
FL,STL,FLL,0
FL,STL,GRR,0
FL,STL,LAS,0
FL,STL,MCI,0
FL,STL,MDW,0
FL,STL,MKE,0
FL,STL,MSY,0
FL,STL,OKC,0
FL,STL,OMA,0
FL,STL,RDU,0
FL,STL,SAT,0
FL,STL,TPA,0
FL,TPA,ALB,0
FL,TPA,BHM,0
FL,TPA,BWI,0
FL,TPA,CAK,0
FL,TPA,DAY,0
FL,TPA,HOU,0
FL,TPA,ISP,0
FL,TPA,MCI,0
FL,TPA,MDW,0
FL,TPA,MKE,0
FL,TPA,MSY,0
FL,TPA,PDX,0
FL,TPA,PIT,0
FL,TPA,PVD,0
FL,TPA,SAT,0
FL,TPA,SEA,0
FL,TPA,STL,0
FL,TUL,DEN,0
FL,TUS,LAS,0
FL,TUS,MDW,0
FL,TUS,SJC,0
G4,ABE,MYR,0
G4,ABE,PGD,0
G4,ABE,PIE,0
G4,ABE,SFB,0
G4,ATW,AZA,0
G4,ATW,LAS,0
G4,ATW,SFB,0
G4,AUS,LAS,0
G4,AVL,FLL,0
G4,AVL,PGD,0
G4,AVL,PIE,0
G4,AVL,SFB,0
G4,AVP,SFB,0
G4,AZA,ATW,0
G4,AZA,BIL,0
G4,AZA,BIS,0
G4,AZA,BLI,0
G4,AZA,BZN,0
G4,AZA,CID,0
G4,AZA,DLH,0
G4,AZA,EUG,0
G4,AZA,FAR,0
G4,AZA,FSD,0
G4,AZA,FWA,0
G4,AZA,GFK,0
G4,AZA,GRI,0
G4,AZA,GRR,0
G4,AZA,GTF,0
G4,AZA,ICT,0
G4,AZA,IDA,0
G4,AZA,LAS,0
G4,AZA,MLI,0
G4,AZA,MOT,0
G4,AZA,MSO,0
G4,AZA,OAK,0
G4,AZA,OGD,0
G4,AZA,PIA,0
G4,AZA,PSC,0
G4,AZA,PVU,0
G4,AZA,RAP,0
G4,AZA,RFD,0
G4,AZA,RST,0
G4,AZA,SBN,0
G4,AZA,SGF,0
G4,AZA,STC,0
G4,BGR,PIE,0
G4,BGR,SFB,0
G4,BIL,AZA,0
G4,BIL,LAS,0
G4,BIS,AZA,0
G4,BIS,LAS,0
G4,BIS,SFB,0
G4,BLI,AZA,0
G4,BLI,LAX,0
G4,BLI,OAK,0
G4,BLI,PSP,0
G4,BLI,SAN,0
G4,BLV,SFB,0
G4,BMI,SFB,0
G4,BOI,LAS,0
G4,BTV,SFB,0
G4,BZN,AZA,0
G4,BZN,LAS,0
G4,CHA,PIE,0
G4,CHA,SFB,0
G4,CID,AZA,0
G4,CID,LAS,0
G4,CID,PGD,0
G4,CID,PIE,0
G4,CID,SFB,0
G4,CKB,SFB,0
G4,COS,LAS,0
G4,CPR,LAS,0
G4,CVG,PGD,0
G4,CVG,SFB,0
G4,DLH,AZA,0
G4,DLH,LAS,0
G4,DSM,LAS,0
G4,DSM,PGD,0
G4,DSM,PIE,0
G4,DSM,SFB,0
G4,ELM,PIE,0
G4,ELM,SFB,0
G4,EUG,AZA,0
G4,EUG,LAS,0
G4,EUG,OAK,0
G4,FAR,AZA,0
G4,FAR,LAS,0
G4,FAR,PIE,0
G4,FAR,SFB,0
G4,FAT,LAS,0
G4,FCA,LAS,0
G4,FLL,AVL,0
G4,FLL,GSP,0
G4,FLL,LEX,0
G4,FLL,PBG,0
G4,FLL,TYS,0
G4,FSD,AZA,0
G4,FSD,LAS,0
G4,FSD,PIE,0
G4,FSD,SFB,0
G4,FWA,AZA,0
G4,FWA,MYR,0
G4,FWA,PGD,0
G4,FWA,PIE,0
G4,FWA,SFB,0
G4,GFK,AZA,0
G4,GFK,LAS,0
G4,GFK,SFB,0
G4,GJT,LAS,0
G4,GRI,AZA,0
G4,GRI,LAS,0
G4,GRR,AZA,0
G4,GRR,LAS,0
G4,GRR,PIE,0
G4,GRR,SFB,0
G4,GSO,PIE,0
G4,GSO,SFB,0
G4,GSP,FLL,0
G4,GSP,PGD,0
G4,GSP,PIE,0
G4,GSP,SFB,0
G4,GTF,AZA,0
G4,GTF,LAS,0
G4,HGR,SFB,0
G4,HNL,LAS,0
G4,HTS,MYR,0
G4,HTS,PIE,0
G4,HTS,SFB,0
G4,IAG,PGD,0
G4,IAG,PIE,0
G4,IAG,SFB,0
G4,ICT,AZA,0
G4,ICT,LAS,0
G4,IDA,AZA,0
G4,IDA,LAS,0
G4,ISP,PGD,0
G4,LAN,SFB,0
G4,LAS,ATW,0
G4,LAS,AZA,0
G4,LAS,BIL,0
G4,LAS,BIS,0
G4,LAS,BOI,0
G4,LAS,BZN,0
G4,LAS,CID,0
G4,LAS,COS,0
G4,LAS,CPR,0
G4,LAS,DLH,0
G4,LAS,DSM,0
G4,LAS,EUG,0
G4,LAS,FAR,0
G4,LAS,FAT,0
G4,LAS,FCA,0
G4,LAS,FSD,0
G4,LAS,GFK,0
G4,LAS,GJT,0
G4,LAS,GRI,0
G4,LAS,GRR,0
G4,LAS,GTF,0
G4,LAS,HNL,0
G4,LAS,ICT,0
G4,LAS,IDA,0
G4,LAS,LRD,0
G4,LAS,MFE,0
G4,LAS,MFR,0
G4,LAS,MLI,0
G4,LAS,MOT,0
G4,LAS,MRY,0
G4,LAS,MSO,0
G4,LAS,PIA,0
G4,LAS,PSC,0
G4,LAS,RAP,0
G4,LAS,RFD,0
G4,LAS,SBN,0
G4,LAS,SCK,0
G4,LAS,SGF,0
G4,LAS,SHV,0
G4,LAS,SMX,0
G4,LAS,XNA,0
G4,LAX,BLI,0
G4,LAX,PVU,0
G4,LCK,PIE,0
G4,LCK,SFB,0
G4,LEX,FLL,0
G4,LEX,PGD,0
G4,LEX,PIE,0
G4,LEX,SFB,0
G4,LIT,SFB,0
G4,LRD,LAS,0
G4,MDT,PIE,0
G4,MDT,SFB,0
G4,MFE,LAS,0
G4,MFR,LAS,0
G4,MLI,AZA,0
G4,MLI,LAS,0
G4,MLI,PIE,0
G4,MLI,SFB,0
G4,MOT,AZA,0
G4,MOT,LAS,0
G4,MRY,LAS,0
G4,MSO,AZA,0
G4,MSO,LAS,0
G4,MYR,ABE,0
G4,MYR,FWA,0
G4,MYR,HTS,0
G4,MYR,YNG,0
G4,OAK,AZA,0
G4,OAK,BLI,0
G4,OAK,EUG,0
G4,OAK,PVU,0
G4,OGD,AZA,0
G4,OKC,SFB,0
G4,OWB,SFB,0
G4,PBG,FLL,0
G4,PBG,PIE,0
G4,PBG,SFB,0
G4,PGD,ABE,0
G4,PGD,AVL,0
G4,PGD,CID,0
G4,PGD,CVG,0
G4,PGD,DSM,0
G4,PGD,FWA,0
G4,PGD,GSP,0
G4,PGD,IAG,0
G4,PGD,ISP,0
G4,PGD,LEX,0
G4,PGD,PIA,0
G4,PGD,RFD,0
G4,PGD,SBN,0
G4,PGD,SGF,0
G4,PGD,SPI,0
G4,PGD,TOL,0
G4,PGD,TYS,0
G4,PGD,YNG,0
G4,PHF,SFB,0
G4,PIA,AZA,0
G4,PIA,LAS,0
G4,PIA,PGD,0
G4,PIA,PIE,0
G4,PIE,ABE,0
G4,PIE,AVL,0
G4,PIE,BGR,0
G4,PIE,CHA,0
G4,PIE,CID,0
G4,PIE,DSM,0
G4,PIE,ELM,0
G4,PIE,FAR,0
G4,PIE,FSD,0
G4,PIE,FWA,0
G4,PIE,GRR,0
G4,PIE,GSO,0
G4,PIE,GSP,0
G4,PIE,HTS,0
G4,PIE,IAG,0
G4,PIE,LCK,0
G4,PIE,LEX,0
G4,PIE,MDT,0
G4,PIE,MLI,0
G4,PIE,PBG,0
G4,PIE,PIA,0
G4,PIE,RFD,0
G4,PIE,ROA,0
G4,PIE,SBN,0
G4,PIE,SGF,0
G4,PIE,SWF,0
G4,PIE,SYR,0
G4,PIE,TOL,0
G4,PIE,TRI,0
G4,PIE,TYS,0
G4,PIE,YNG,0
G4,PSC,AZA,0
G4,PSC,LAS,0
G4,PSM,SFB,0
G4,PSP,BLI,0
G4,PVU,AZA,0
G4,PVU,LAX,0
G4,PVU,OAK,0
G4,RAP,AZA,0
G4,RAP,LAS,0
G4,RFD,AZA,0
G4,RFD,LAS,0
G4,RFD,PGD,0
G4,RFD,PIE,0
G4,RFD,SFB,0
G4,RNO,LAS,0
G4,ROA,PIE,0
G4,ROA,SFB,0
G4,RST,AZA,0
G4,SAN,BLI,0
G4,SBN,AZA,0
G4,SBN,LAS,0
G4,SBN,PGD,0
G4,SBN,PIE,0
G4,SBN,SFB,0
G4,SCK,LAS,0
G4,SFB,ABE,0
G4,SFB,ATW,0
G4,SFB,AVL,0
G4,SFB,AVP,0
G4,SFB,BGR,0
G4,SFB,BIS,0
G4,SFB,BLV,0
G4,SFB,BMI,0
G4,SFB,BTV,0
G4,SFB,CHA,0
G4,SFB,CID,0
G4,SFB,CKB,0
G4,SFB,CVG,0
G4,SFB,DSM,0
G4,SFB,ELM,0
G4,SFB,FAR,0
G4,SFB,FSD,0
G4,SFB,FWA,0
G4,SFB,GFK,0
G4,SFB,GRR,0
G4,SFB,GSO,0
G4,SFB,GSP,0
G4,SFB,HGR,0
G4,SFB,HTS,0
G4,SFB,IAG,0
G4,SFB,LAN,0
G4,SFB,LCK,0
G4,SFB,LEX,0
G4,SFB,LIT,0
G4,SFB,MDT,0
G4,SFB,MLI,0
G4,SFB,OKC,0
G4,SFB,OWB,0
G4,SFB,PBG,0
G4,SFB,PHF,0
G4,SFB,PSM,0
G4,SFB,RFD,0
G4,SFB,ROA,0
G4,SFB,SBN,0
G4,SFB,SGF,0
G4,SFB,SPI,0
G4,SFB,TOL,0
G4,SFB,TRI,0
G4,SFB,TUL,0
G4,SFB,TYS,0
G4,SFB,XNA,0
G4,SFB,YNG,0
G4,SGF,AZA,0
G4,SGF,LAS,0
G4,SGF,PGD,0
G4,SGF,PIE,0
G4,SGF,SFB,0
G4,SHV,LAS,0
G4,SMX,LAS,0
G4,STC,AZA,0
G4,SWF,PIE,0
G4,SYR,PIE,0
G4,TOL,PGD,0
G4,TOL,PIE,0
G4,TOL,SFB,0
G4,TRI,PIE,0
G4,TRI,SFB,0
G4,TUL,SFB,0
G4,TYS,FLL,0
G4,TYS,PGD,0
G4,TYS,PIE,0
G4,TYS,SFB,0
G4,XNA,LAS,0
G4,XNA,SFB,0
GV,AKB,DUT,0
GV,AKN,DLG,0
GV,AKN,KCG,0
GV,AKN,KLL,0
GV,AKN,PIP,0
GV,AKN,WSN,0
GV,BET,EMK,0
GV,CDB,KFP,0
GV,CDB,KVC,0
GV,CDB,NLG,0
GV,DLG,AKN,0
GV,DUT,AKB,0
GV,DUT,IKO,0
GV,DUT,KQA,0
GV,EGX,AKN,0
GV,EMK,BET,0
GV,IGG,AKN,0
GV,IKO,DUT,0
GV,KCG,KCL,0
GV,KCQ,KPV,0
GV,KFP,CDB,0
GV,KPV,AKN,0
GV,KQA,DUT,0
GV,KVC,CDB,0
GV,NLG,CDB,0
GV,PIP,UGB,0
GV,PTH,AKN,0
GV,WSN,EGX,0
HA,HNL,AKL,0
HA,HNL,BNE,0
HA,HNL,ITO,0
HA,HNL,JFK,0
HA,HNL,KOA,0
HA,HNL,LIH,0
HA,HNL,LNY,0
HA,HNL,MKK,0
HA,HNL,OGG,0
HA,HNL,PPG,0
HA,HNL,PPT,0
HA,HNL,SDJ,0
HA,HNL,SMF,0
HA,ITO,HNL,0
HA,ITO,OGG,0
HA,JFK,HNL,0
HA,KOA,HNL,0
HA,KOA,OGG,0
HA,LAS,SFO,0
HA,LIH,HNL,0
HA,LIH,OGG,0
HA,LNY,HNL,0
HA,MKK,HNL,0
HA,OGG,HNL,0
HA,OGG,ITO,0
HA,OGG,KOA,0
HA,OGG,LIH,0
HA,SFO,LAS,0
HA,SMF,HNL,0
HI,BLD,GCW,0
HY,JFK,RIX,0
I4,KLW,KTN,0
I4,KTN,KLW,0
J5,GST,JNU,0
J5,HNH,JNU,0
J5,HNS,JNU,0
J5,HNS,SGY,0
J5,JNU,GST,0
J5,JNU,HNH,0
J5,JNU,HNS,0
J5,JNU,SGY,0
J5,SGY,JNU,0
JJ,MIA,BEL,0
JQ,HNL,MEL,0
K5,BNA,AHN,0
K5,BNA,MKL,0
K5,BUR,IPL,0
K5,DAL,ELD,0
K5,ELD,DAL,0
K5,ELD,HOT,0
K5,GST,HNH,0
K5,HNH,GST,0
K5,HOT,ELD,0
K5,HOT,MEM,0
K5,HRO,MCI,0
K5,HRO,MEM,0
K5,IPL,BUR,0
K5,IPL,SAN,0
K5,MCI,HRO,0
K5,MCI,SLN,0
K5,MEM,ELD,0
K5,MEM,HOT,0
K5,MEM,HRO,0
K5,MEM,MKL,0
K5,MKL,BNA,0
K5,MKL,MEM,0
K5,OTH,PDX,0
K5,PDT,PDX,0
K5,PDX,OTH,0
K5,PDX,PDT,0
K5,SAN,IPL,0
K5,SGY,HNS,0
K5,SLN,MCI,0
KE,IAH,ICN,0
KO,ANC,ILI,0
KO,ILI,ANC,0
KS,SNP,STG,0
KS,STG,SNP,0
KU,JFK,KWI,0
KX,MIA,CYB,0
KX,ORD,GCM,0
KX,TPA,GCM,0
LH,BOS,FRA,0
LH,BOS,MUC,0
LH,CLT,MUC,0
LH,DEN,FRA,0
LH,EWR,BCN,0
LH,EWR,BFS,0
LH,EWR,BHX,0
LH,EWR,DUB,0
LH,EWR,DUS,0
LH,EWR,EDI,0
LH,EWR,FCO,0
LH,EWR,FRA,0
LH,EWR,GLA,0
LH,EWR,HAM,0
LH,EWR,MAD,0
LH,EWR,MAN,0
LH,EWR,MUC,0
LH,EWR,MXP,0
LH,EWR,SNN,0
LH,EWR,STR,0
LH,IAD,BRU,0
LH,IAD,FRA,0
LH,IAD,MUC,0
LH,IAH,FRA,0
LH,JFK,MUC,0
LH,LAX,FRA,0
LH,LAX,MUC,0
LH,MCO,FRA,0
LH,MIA,FRA,0
LH,ORD,FRA,0
LH,ORD,MUC,0
LH,SFO,FRA,0
LH,SFO,MUC,0
LO,JFK,WAW,0
LO,ORD,WAW,0
LW,ABQ,CNM,0
LW,ABQ,LAM,0
LW,CNM,ABQ,0
LW,HGR,IAD,0
LW,IAD,HGR,0
LW,IAD,LNS,0
LW,IAH,VCT,0
LW,LNS,IAD,0
LW,VCT,IAH,0
LX,BOS,ZRH,0
LX,EWR,GVA,0
LX,EWR,ZRH,0
LX,IAD,GVA,0
LX,IAD,ZRH,0
LX,JFK,GVA,0
LX,LAS,ZRH,0
LX,LAX,ZRH,0
LX,MIA,ZRH,0
LX,ORD,ZRH,0
LX,SFO,ZRH,0
LX,TPA,ZRH,0
LY,EWR,TLV,0
LY,LAX,TLV,0
M5,BFI,CLM,0
M5,BFI,ESD,0
M5,ESD,FRD,0
M5,FRD,BFI,0
MS,JFK,CAI,0
MU,HNL,PVG,0
MW,HNL,JHM,0
MW,HNM,OGG,0
MW,JHM,HNL,0
MW,JHM,KOA,0
MW,KOA,JHM,0
MW,LNY,MKK,0
MW,LNY,OGG,0
MW,MKK,OGG,0
MW,MUE,OGG,0
MW,OGG,HNM,0
MW,OGG,LNY,0
MW,OGG,MKK,0
MW,OGG,MUE,0
NH,DEN,NRT,0
NH,EWR,NRT,0
NH,IAD,NRT,0
NH,IAH,NRT,0
NH,SFO,KIX,0
NH,SFO,NRT,0
NH,SJC,NRT,0
NK,ACY,BOS,0
NK,ACY,DTW,0
NK,ACY,FLL,0
NK,ACY,MCO,0
NK,ACY,MYR,0
NK,ACY,ORD,0
NK,ACY,RSW,0
NK,ACY,TPA,0
NK,BOS,ACY,0
NK,BWI,MYR,0
NK,CRW,MYR,0
NK,DFW,MYR,0
NK,DFW,OAK,0
NK,DTW,ACY,0
NK,FLL,ACY,0
NK,FLL,AUA,0
NK,FLL,AXM,0
NK,FLL,BQN,0
NK,FLL,CTG,0
NK,FLL,GUA,0
NK,FLL,IAG,0
NK,FLL,LAS,0
NK,FLL,LBE,0
NK,FLL,MGA,0
NK,FLL,MYR,0
NK,FLL,PTY,0
NK,FLL,SAL,0
NK,FLL,SAP,0
NK,FLL,STI,0
NK,FLL,STT,0
NK,FLL,SXM,0
NK,FLL,TLC,0
NK,FLL,ZSA,0
NK,IAG,FLL,0
NK,IAG,MYR,0
NK,IAH,LAS,0
NK,IAH,MCO,0
NK,LAS,FLL,0
NK,LAS,IAH,0
NK,LBE,FLL,0
NK,LBE,MCO,0
NK,LBE,MYR,0
NK,MCO,ACY,0
NK,MCO,IAH,0
NK,MCO,LBE,0
NK,MYR,ACY,0
NK,MYR,BWI,0
NK,MYR,CRW,0
NK,MYR,DFW,0
NK,MYR,FLL,0
NK,MYR,IAG,0
NK,MYR,LBE,0
NK,MYR,ORD,0
NK,MYR,PBG,0
NK,OAK,DFW,0
NK,OAK,ORD,0
NK,ORD,ACY,0
NK,ORD,MYR,0
NK,ORD,OAK,0
NK,PBG,MYR,0
NK,RSW,ACY,0
NK,TPA,ACY,0
NZ,LAX,AKL,0
NZ,LAX,RAR,0
NZ,SFO,AKL,0
NZ,SFO,SYD,0
OR,MIA,AMS,0
OR,SFB,MIA,0
OS,IAD,VIE,0
OS,JFK,VIE,0
OS,ORD,VIE,0
P1,CLT,LUK,0
P1,CVG,MMU,0
P1,LUK,CLT,0
P1,LUK,MDW,0
P1,LUK,MMU,0
P1,MBL,MDW,0
P1,MDW,LUK,0
P1,MDW,MBL,0
PD,BOS,YTZ,0
PD,EWR,YTZ,0
PD,IAD,YTZ,0
PD,MDW,YTZ,0
PD,MYR,YTZ,0
PK,JFK,LHE,0
PR,HNL,MNL,0
PR,LAX,MNL,0
PR,SFO,MNL,0
PS,JFK,KBP,0
PY,MIA,GEO,0
Q5,CKX,TKJ,0
Q5,FAI,HKB,0
Q5,TKJ,CKX,0
S4,BOS,LIS,0
S4,BOS,PDL,0
SA,IAD,DKR,0
SK,EWR,ARN,0
SK,EWR,CPH,0
SK,EWR,OSL,0
SK,IAD,CPH,0
SK,ORD,ARN,0
SK,ORD,CPH,0
SK,SFO,CPH,0
SN,ORD,BRU,0
SQ,IAH,DME,0
SV,IAD,JED,0
SV,IAD,RUH,0
SV,JFK,JED,0
SV,JFK,RUH,0
SV,LAX,JED,0
SY,DCA,LAN,0
SY,LAN,DCA,0
SY,MSP,PUJ,0
TJ,ACK,HPN,0
TJ,ACK,TEB,0
TJ,HPN,ACK,0
TJ,TEB,ACK,0
TK,IAD,IST,0
TK,IAH,IST,0
TK,JFK,IST,0
TK,LAX,IST,0
TK,ORD,IST,0
TP,EWR,LIS,0
TP,EWR,OPO,0
TP,MIA,LIS,0
TS,MCO,YHZ,0
TS,MCO,YQM,0
TS,MCO,YYT,0
UA,ABE,ORD,0
UA,ABQ,IAH,0
UA,ABQ,SFO,0
UA,ACV,CEC,0
UA,ACV,SFO,0
UA,ACV,SMF,0
UA,ACY,IAH,0
UA,AEX,IAH,0
UA,ALB,CLE,0
UA,ALB,IAD,0
UA,ALB,ORD,0
UA,AMA,IAH,0
UA,ANC,DEN,0
UA,AOO,IAD,0
UA,AOO,JST,0
UA,ASE,DEN,0
UA,ASE,LAX,0
UA,ATW,ORD,0
UA,AUS,CLE,0
UA,AUS,EWR,0
UA,AUS,IAD,0
UA,AUS,IAH,0
UA,AVL,ORD,0
UA,AVP,ORD,0
UA,BDL,IAD,0
UA,BFD,CLE,0
UA,BFD,JHW,0
UA,BFL,DEN,0
UA,BFL,IAH,0
UA,BFL,LAX,0
UA,BFL,SFO,0
UA,BGM,IAD,0
UA,BHM,DEN,0
UA,BHM,IAH,0
UA,BHM,ORD,0
UA,BIL,DEN,0
UA,BKW,IAD,0
UA,BKW,SHD,0
UA,BNA,CLE,0
UA,BNA,EWR,0
UA,BNA,IAD,0
UA,BNA,IAH,0
UA,BOI,LAX,0
UA,BOI,ORD,0
UA,BOI,SFO,0
UA,BOS,CLE,0
UA,BOS,IAH,0
UA,BRO,IAH,0
UA,BTR,IAH,0
UA,BTV,EWR,0
UA,BTV,IAD,0
UA,BTV,ORD,0
UA,BUF,CLE,0
UA,BUF,EWR,0
UA,BUF,IAD,0
UA,BUR,DEN,0
UA,BUR,SFO,0
UA,BWI,EWR,0
UA,BWI,IAH,0
UA,BWI,SFO,0
UA,BZN,ORD,0
UA,CAE,IAD,0
UA,CAE,IAH,0
UA,CAE,ORD,0
UA,CAK,ORD,0
UA,CEC,ACV,0
UA,CEC,SFO,0
UA,CHO,IAD,0
UA,CHS,CLE,0
UA,CHS,EWR,0
UA,CHS,IAD,0
UA,CHS,IAH,0
UA,CHS,ORD,0
UA,CKB,IAD,0
UA,CKB,MGW,0
UA,CLD,LAX,0
UA,CLE,ALB,0
UA,CLE,AUS,0
UA,CLE,BFD,0
UA,CLE,BNA,0
UA,CLE,BOS,0
UA,CLE,BUF,0
UA,CLE,BWI,0
UA,CLE,CHS,0
UA,CLE,CMH,0
UA,CLE,DAY,0
UA,CLE,DCA,0
UA,CLE,DUJ,0
UA,CLE,ERI,0
UA,CLE,EWR,0
UA,CLE,FKL,0
UA,CLE,FLL,0
UA,CLE,FNT,0
UA,CLE,GRR,0
UA,CLE,GSP,0
UA,CLE,IAD,0
UA,CLE,IAH,0
UA,CLE,IND,0
UA,CLE,JHW,0
UA,CLE,LAS,0
UA,CLE,LAX,0
UA,CLE,MCI,0
UA,CLE,MCO,0
UA,CLE,MKE,0
UA,CLE,MSY,0
UA,CLE,PHX,0
UA,CLE,PKB,0
UA,CLE,RIC,0
UA,CLE,ROC,0
UA,CLE,RSW,0
UA,CLE,SDF,0
UA,CLE,SFO,0
UA,CLE,STL,0
UA,CLE,SYR,0
UA,CLE,TPA,0
UA,CLL,IAH,0
UA,CMH,CLE,0
UA,CMH,DEN,0
UA,CMH,EWR,0
UA,CMH,IAD,0
UA,CMH,IAH,0
UA,CMX,ORD,0
UA,COD,DEN,0
UA,COS,DEN,0
UA,COS,IAD,0
UA,COS,IAH,0
UA,COS,LAX,0
UA,COS,ORD,0
UA,COS,SFO,0
UA,CPR,DEN,0
UA,CRP,IAH,0
UA,CVG,IAD,0
UA,DAL,IAH,0
UA,DAY,CLE,0
UA,DAY,DEN,0
UA,DAY,EWR,0
UA,DAY,IAD,0
UA,DCA,CLE,0
UA,DCA,EWR,0
UA,DCA,IAH,0
UA,DCA,SFO,0
UA,DEN,ANC,0
UA,DEN,ASE,0
UA,DEN,BFL,0
UA,DEN,BHM,0
UA,DEN,BIL,0
UA,DEN,BOI,0
UA,DEN,BUR,0
UA,DEN,COD,0
UA,DEN,COS,0
UA,DEN,CPR,0
UA,DEN,DAY,0
UA,DEN,DIK,0
UA,DEN,DRO,0
UA,DEN,EGE,0
UA,DEN,ELP,0
UA,DEN,EWR,0
UA,DEN,FCA,0
UA,DEN,GCC,0
UA,DEN,GJT,0
UA,DEN,GRR,0
UA,DEN,GTF,0
UA,DEN,GUC,0
UA,DEN,HDN,0
UA,DEN,HLN,0
UA,DEN,HNL,0
UA,DEN,HSV,0
UA,DEN,IAD,0
UA,DEN,ICT,0
UA,DEN,IDA,0
UA,DEN,JAC,0
UA,DEN,KOA,0
UA,DEN,LAR,0
UA,DEN,LBB,0
UA,DEN,LIH,0
UA,DEN,LNK,0
UA,DEN,MAF,0
UA,DEN,MEX,0
UA,DEN,MFR,0
UA,DEN,MLI,0
UA,DEN,MRY,0
UA,DEN,MSO,0
UA,DEN,MTJ,0
UA,DEN,OGG,0
UA,DEN,PIA,0
UA,DEN,PIT,0
UA,DEN,PSC,0
UA,DEN,PUB,0
UA,DEN,RAP,0
UA,DEN,RDM,0
UA,DEN,RKS,0
UA,DEN,RNO,0
UA,DEN,SAF,0
UA,DEN,SDF,0
UA,DEN,SGF,0
UA,DEN,SGU,0
UA,DEN,SHV,0
UA,DEN,SJC,0
UA,DEN,TUL,0
UA,DEN,XNA,0
UA,DIK,DEN,0
UA,DLH,ORD,0
UA,DRO,DEN,0
UA,DSM,EWR,0
UA,DSM,IAH,0
UA,DUJ,CLE,0
UA,DUJ,FKL,0
UA,EAU,ORD,0
UA,EGE,DEN,0
UA,ELM,ORD,0
UA,ELP,DEN,0
UA,ELP,IAH,0
UA,ERI,CLE,0
UA,EUG,SFO,0
UA,EWR,ALB,0
UA,EWR,ANU,0
UA,EWR,AUA,0
UA,EWR,AUS,0
UA,EWR,BDA,0
UA,EWR,BON,0
UA,EWR,BQN,0
UA,EWR,BTV,0
UA,EWR,BUF,0
UA,EWR,BWI,0
UA,EWR,BZE,0
UA,EWR,CHS,0
UA,EWR,CLE,0
UA,EWR,CMH,0
UA,EWR,CUN,0
UA,EWR,DAY,0
UA,EWR,DCA,0
UA,EWR,DEL,0
UA,EWR,DEN,0
UA,EWR,DSM,0
UA,EWR,GCM,0
UA,EWR,GRR,0
UA,EWR,GRU,0
UA,EWR,GSO,0
UA,EWR,GSP,0
UA,EWR,GUA,0
UA,EWR,HNL,0
UA,EWR,IAD,0
UA,EWR,IAH,0
UA,EWR,IND,0
UA,EWR,ITH,0
UA,EWR,JAX,0
UA,EWR,LAS,0
UA,EWR,LAX,0
UA,EWR,LIM,0
UA,EWR,LIR,0
UA,EWR,MBJ,0
UA,EWR,MCI,0
UA,EWR,MEM,0
UA,EWR,MEX,0
UA,EWR,MHT,0
UA,EWR,MKE,0
UA,EWR,MSN,0
UA,EWR,MYR,0
UA,EWR,NAS,0
UA,EWR,OKC,0
UA,EWR,OMA,0
UA,EWR,ORF,0
UA,EWR,PDX,0
UA,EWR,PIT,0
UA,EWR,PLS,0
UA,EWR,POP,0
UA,EWR,POS,0
UA,EWR,PUJ,0
UA,EWR,PVD,0
UA,EWR,PVR,0
UA,EWR,PWM,0
UA,EWR,RDU,0
UA,EWR,RIC,0
UA,EWR,ROC,0
UA,EWR,SAN,0
UA,EWR,SAP,0
UA,EWR,SAT,0
UA,EWR,SAV,0
UA,EWR,SDF,0
UA,EWR,SDQ,0
UA,EWR,SFO,0
UA,EWR,SJD,0
UA,EWR,SJO,0
UA,EWR,SNA,0
UA,EWR,STL,0
UA,EWR,STT,0
UA,EWR,SXM,0
UA,EWR,SYR,0
UA,EWR,TUL,0
UA,EWR,TYS,0
UA,EWR,UVF,0
UA,EWR,XNA,0
UA,EWR,YHZ,0
UA,EWR,YOW,0
UA,EWR,YQB,0
UA,EWR,YQM,0
UA,EWR,YYT,0
UA,FAT,SFO,0
UA,FAY,IAD,0
UA,FCA,DEN,0
UA,FLL,CLE,0
UA,FLL,IAD,0
UA,FLL,IAH,0
UA,FNT,CLE,0
UA,GCC,DEN,0
UA,GJT,DEN,0
UA,GJT,IAH,0
UA,GPT,IAH,0
UA,GRK,IAH,0
UA,GRR,CLE,0
UA,GRR,DEN,0
UA,GRR,EWR,0
UA,GRR,IAD,0
UA,GRR,IAH,0
UA,GSO,EWR,0
UA,GSO,IAD,0
UA,GSO,ORD,0
UA,GSP,CLE,0
UA,GSP,EWR,0
UA,GSP,IAD,0
UA,GSP,IAH,0
UA,GSP,ORD,0
UA,GTF,DEN,0
UA,GUC,DEN,0
UA,HDN,DEN,0
UA,HLN,DEN,0
UA,HNL,DEN,0
UA,HNL,EWR,0
UA,HNL,GUM,0
UA,HNL,IAD,0
UA,HNL,IAH,0
UA,HNL,MAJ,0
UA,HNL,ORD,0
UA,HOB,IAH,0
UA,HRL,IAH,0
UA,HSV,DEN,0
UA,HSV,IAD,0
UA,HSV,IAH,0
UA,IAD,ALB,0
UA,IAD,AOO,0
UA,IAD,AUA,0
UA,IAD,AUS,0
UA,IAD,BDL,0
UA,IAD,BGM,0
UA,IAD,BKW,0
UA,IAD,BNA,0
UA,IAD,BTV,0
UA,IAD,BUF,0
UA,IAD,CAE,0
UA,IAD,CHO,0
UA,IAD,CHS,0
UA,IAD,CLE,0
UA,IAD,CMH,0
UA,IAD,COS,0
UA,IAD,CRW,0
UA,IAD,CUN,0
UA,IAD,CVG,0
UA,IAD,DAY,0
UA,IAD,EWR,0
UA,IAD,FAY,0
UA,IAD,FCO,0
UA,IAD,FLL,0
UA,IAD,GCM,0
UA,IAD,GRR,0
UA,IAD,GRU,0
UA,IAD,GSO,0
UA,IAD,GSP,0
UA,IAD,GUA,0
UA,IAD,HNL,0
UA,IAD,HSV,0
UA,IAD,IAH,0
UA,IAD,IND,0
UA,IAD,JAX,0
UA,IAD,JST,0
UA,IAD,KWI,0
UA,IAD,LAS,0
UA,IAD,LGA,0
UA,IAD,LWB,0
UA,IAD,MAN,0
UA,IAD,MBJ,0
UA,IAD,MCI,0
UA,IAD,MCO,0
UA,IAD,MDT,0
UA,IAD,MGW,0
UA,IAD,OKC,0
UA,IAD,OMA,0
UA,IAD,ORD,0
UA,IAD,ORF,0
UA,IAD,PDX,0
UA,IAD,PHL,0
UA,IAD,PHX,0
UA,IAD,PIT,0
UA,IAD,PUJ,0
UA,IAD,PVD,0
UA,IAD,PWM,0
UA,IAD,RDU,0
UA,IAD,RIC,0
UA,IAD,ROA,0
UA,IAD,ROC,0
UA,IAD,SAN,0
UA,IAD,SAT,0
UA,IAD,SAV,0
UA,IAD,SCE,0
UA,IAD,SDF,0
UA,IAD,SEA,0
UA,IAD,SFO,0
UA,IAD,SHD,0
UA,IAD,SJO,0
UA,IAD,SJU,0
UA,IAD,SMF,0
UA,IAD,STL,0
UA,IAD,STT,0
UA,IAD,SXM,0
UA,IAD,SYR,0
UA,IAD,TUL,0
UA,IAD,TYS,0
UA,IAH,ABQ,0
UA,IAH,ACA,0
UA,IAH,ACY,0
UA,IAH,AEX,0
UA,IAH,AGU,0
UA,IAH,AMA,0
UA,IAH,AUS,0
UA,IAH,BFL,0
UA,IAH,BHM,0
UA,IAH,BJX,0
UA,IAH,BNA,0
UA,IAH,BON,0
UA,IAH,BOS,0
UA,IAH,BRO,0
UA,IAH,BTR,0
UA,IAH,BWI,0
UA,IAH,BZE,0
UA,IAH,CAE,0
UA,IAH,CCS,0
UA,IAH,CHS,0
UA,IAH,CLE,0
UA,IAH,CLL,0
UA,IAH,CME,0
UA,IAH,CMH,0
UA,IAH,COS,0
UA,IAH,CRP,0
UA,IAH,CRW,0
UA,IAH,CUU,0
UA,IAH,CZM,0
UA,IAH,DAL,0
UA,IAH,DCA,0
UA,IAH,DGO,0
UA,IAH,DSM,0
UA,IAH,ELP,0
UA,IAH,EWR,0
UA,IAH,EZE,0
UA,IAH,FLL,0
UA,IAH,GCM,0
UA,IAH,GDL,0
UA,IAH,GIG,0
UA,IAH,GJT,0
UA,IAH,GPT,0
UA,IAH,GRK,0
UA,IAH,GRR,0
UA,IAH,GRU,0
UA,IAH,GSP,0
UA,IAH,GUA,0
UA,IAH,HNL,0
UA,IAH,HOB,0
UA,IAH,HRL,0
UA,IAH,HSV,0
UA,IAH,HUX,0
UA,IAH,IAD,0
UA,IAH,ICT,0
UA,IAH,IND,0
UA,IAH,JAN,0
UA,IAH,JAX,0
UA,IAH,LBB,0
UA,IAH,LCH,0
UA,IAH,LEX,0
UA,IAH,LFT,0
UA,IAH,LIM,0
UA,IAH,LIR,0
UA,IAH,LIT,0
UA,IAH,LOS,0
UA,IAH,LRD,0
UA,IAH,MAF,0
UA,IAH,MBJ,0
UA,IAH,MCI,0
UA,IAH,MFE,0
UA,IAH,MGA,0
UA,IAH,MID,0
UA,IAH,MKE,0
UA,IAH,MLM,0
UA,IAH,MLU,0
UA,IAH,MOB,0
UA,IAH,MTY,0
UA,IAH,MUC,0
UA,IAH,NAS,0
UA,IAH,OAX,0
UA,IAH,OKC,0
UA,IAH,OMA,0
UA,IAH,ONT,0
UA,IAH,ORF,0
UA,IAH,PBC,0
UA,IAH,PDX,0
UA,IAH,PIT,0
UA,IAH,PNS,0
UA,IAH,POS,0
UA,IAH,PSP,0
UA,IAH,PVR,0
UA,IAH,QRO,0
UA,IAH,RDU,0
UA,IAH,RIC,0
UA,IAH,RSW,0
UA,IAH,RTB,0
UA,IAH,SAN,0
UA,IAH,SAP,0
UA,IAH,SAT,0
UA,IAH,SAV,0
UA,IAH,SDF,0
UA,IAH,SHV,0
UA,IAH,SJC,0
UA,IAH,SJD,0
UA,IAH,SJO,0
UA,IAH,SJU,0
UA,IAH,SLP,0
UA,IAH,SLW,0
UA,IAH,SMF,0
UA,IAH,SNA,0
UA,IAH,STL,0
UA,IAH,TAM,0
UA,IAH,TGU,0
UA,IAH,TPA,0
UA,IAH,TRC,0
UA,IAH,TUL,0
UA,IAH,TUS,0
UA,IAH,TYR,0
UA,IAH,TYS,0
UA,IAH,UIO,0
UA,IAH,VER,0
UA,IAH,VPS,0
UA,IAH,VSA,0
UA,IAH,XNA,0
UA,IAH,YVR,0
UA,IAH,ZIH,0
UA,IAH,ZLO,0
UA,ICT,DEN,0
UA,ICT,IAH,0
UA,ICT,LAX,0
UA,IDA,DEN,0
UA,IND,CLE,0
UA,IND,EWR,0
UA,IND,IAD,0
UA,IND,IAH,0
UA,IND,SFO,0
UA,ITH,EWR,0
UA,ITO,LAX,0
UA,JAC,DEN,0
UA,JAN,IAH,0
UA,JAN,ORD,0
UA,JAX,EWR,0
UA,JAX,IAD,0
UA,JAX,IAH,0
UA,JST,AOO,0
UA,JST,IAD,0
UA,KOA,DEN,0
UA,KOA,SFO,0
UA,LAN,ORD,0
UA,LAR,DEN,0
UA,LAS,CLE,0
UA,LAS,EWR,0
UA,LAS,IAD,0
UA,LAS,PSP,0
UA,LAX,ASE,0
UA,LAX,BFL,0
UA,LAX,BOI,0
UA,LAX,BWI,0
UA,LAX,CLD,0
UA,LAX,CLE,0
UA,LAX,COS,0
UA,LAX,DGO,0
UA,LAX,EWR,0
UA,LAX,ICT,0
UA,LAX,ITO,0
UA,LAX,PSP,0
UA,LAX,SAT,0
UA,LAX,SBA,0
UA,LAX,SBP,0
UA,LAX,SMX,0
UA,LAX,YUM,0
UA,LBB,DEN,0
UA,LBB,IAH,0
UA,LCH,IAH,0
UA,LEX,IAH,0
UA,LFT,IAH,0
UA,LGA,IAD,0
UA,LIH,DEN,0
UA,LIH,SFO,0
UA,LIT,IAH,0
UA,LNK,DEN,0
UA,LNK,ORD,0
UA,LRD,IAH,0
UA,LWB,IAD,0
UA,MAF,DEN,0
UA,MAF,IAH,0
UA,MBS,ORD,0
UA,MCI,CLE,0
UA,MCI,EWR,0
UA,MCI,IAD,0
UA,MCI,IAH,0
UA,MCO,CLE,0
UA,MCO,IAD,0
UA,MCO,SFO,0
UA,MDT,IAD,0
UA,MEM,EWR,0
UA,MFE,IAH,0
UA,MFR,DEN,0
UA,MFR,SFO,0
UA,MGW,CKB,0
UA,MGW,IAD,0
UA,MHT,EWR,0
UA,MHT,ORD,0
UA,MKE,CLE,0
UA,MKE,EWR,0
UA,MKE,IAH,0
UA,MKG,ORD,0
UA,MLI,DEN,0
UA,MLU,IAH,0
UA,MOB,IAH,0
UA,MOB,ORD,0
UA,MRY,DEN,0
UA,MRY,SFO,0
UA,MSN,EWR,0
UA,MSO,DEN,0
UA,MSY,CLE,0
UA,MSY,SFO,0
UA,MTJ,DEN,0
UA,MYR,EWR,0
UA,OGG,DEN,0
UA,OGG,ORD,0
UA,OGG,SFO,0
UA,OKC,EWR,0
UA,OKC,IAD,0
UA,OKC,IAH,0
UA,OKC,SFO,0
UA,OMA,EWR,0
UA,OMA,IAH,0
UA,ONT,IAH,0
UA,ONT,SFO,0
UA,ORD,ABE,0
UA,ORD,ALB,0
UA,ORD,ATW,0
UA,ORD,AVL,0
UA,ORD,AVP,0
UA,ORD,BHM,0
UA,ORD,BOI,0
UA,ORD,BTV,0
UA,ORD,BZN,0
UA,ORD,CAE,0
UA,ORD,CAK,0
UA,ORD,CHS,0
UA,ORD,CMX,0
UA,ORD,COS,0
UA,ORD,CRW,0
UA,ORD,DLH,0
UA,ORD,EAU,0
UA,ORD,ELM,0
UA,ORD,FOE,0
UA,ORD,GRU,0
UA,ORD,GSO,0
UA,ORD,GSP,0
UA,ORD,HNL,0
UA,ORD,IAD,0
UA,ORD,JAN,0
UA,ORD,LAN,0
UA,ORD,LNK,0
UA,ORD,MBS,0
UA,ORD,MHT,0
UA,ORD,MKG,0
UA,ORD,MOB,0
UA,ORD,MTY,0
UA,ORD,NAS,0
UA,ORD,OGG,0
UA,ORD,ORF,0
UA,ORD,PAH,0
UA,ORD,PNS,0
UA,ORD,PVD,0
UA,ORD,PWM,0
UA,ORD,RAP,0
UA,ORD,ROA,0
UA,ORD,SAV,0
UA,ORD,SBN,0
UA,ORD,SCE,0
UA,ORD,SJO,0
UA,ORD,SMF,0
UA,ORD,SPI,0
UA,ORD,SRQ,0
UA,ORD,STC,0
UA,ORD,STT,0
UA,ORD,SXM,0
UA,ORD,YXE,0
UA,ORF,EWR,0
UA,ORF,IAD,0
UA,ORF,IAH,0
UA,ORF,ORD,0
UA,OTH,SFO,0
UA,PAH,ORD,0
UA,PDX,EWR,0
UA,PDX,IAD,0
UA,PDX,IAH,0
UA,PDX,LMT,0
UA,PHL,IAD,0
UA,PHX,CLE,0
UA,PHX,IAD,0
UA,PIA,DEN,0
UA,PIT,DEN,0
UA,PIT,EWR,0
UA,PIT,IAD,0
UA,PIT,IAH,0
UA,PIT,SFO,0
UA,PKB,CLE,0
UA,PNS,IAH,0
UA,PNS,ORD,0
UA,PSC,DEN,0
UA,PSC,SFO,0
UA,PSP,IAH,0
UA,PSP,LAS,0
UA,PSP,LAX,0
UA,PUB,DEN,0
UA,PVD,EWR,0
UA,PVD,IAD,0
UA,PVD,ORD,0
UA,RAP,DEN,0
UA,RAP,ORD,0
UA,RDD,SFO,0
UA,RDM,DEN,0
UA,RDM,SFO,0
UA,RDU,EWR,0
UA,RDU,IAD,0
UA,RDU,IAH,0
UA,RIC,CLE,0
UA,RIC,EWR,0
UA,RIC,IAD,0
UA,RIC,IAH,0
UA,RKS,DEN,0
UA,RNO,SFO,0
UA,ROA,IAD,0
UA,ROA,ORD,0
UA,ROC,CLE,0
UA,ROC,EWR,0
UA,ROC,IAD,0
UA,RSW,CLE,0
UA,RSW,IAH,0
UA,SAF,DEN,0
UA,SAN,EWR,0
UA,SAN,IAD,0
UA,SAN,IAH,0
UA,SAN,SFO,0
UA,SAT,EWR,0
UA,SAT,IAD,0
UA,SAT,IAH,0
UA,SAT,SFO,0
UA,SAV,EWR,0
UA,SAV,IAD,0
UA,SAV,IAH,0
UA,SAV,ORD,0
UA,SBA,LAX,0
UA,SBA,SFO,0
UA,SBN,ORD,0
UA,SBP,LAX,0
UA,SBP,SFO,0
UA,SCE,IAD,0
UA,SCE,ORD,0
UA,SDF,CLE,0
UA,SDF,DEN,0
UA,SDF,EWR,0
UA,SDF,IAD,0
UA,SDF,IAH,0
UA,SEA,IAD,0
UA,SFO,ABQ,0
UA,SFO,ACV,0
UA,SFO,BFL,0
UA,SFO,BOI,0
UA,SFO,BUR,0
UA,SFO,BWI,0
UA,SFO,CEC,0
UA,SFO,CIC,0
UA,SFO,CLE,0
UA,SFO,COS,0
UA,SFO,CUN,0
UA,SFO,DCA,0
UA,SFO,EUG,0
UA,SFO,EWR,0
UA,SFO,FAT,0
UA,SFO,IAD,0
UA,SFO,IAH,0
UA,SFO,IND,0
UA,SFO,KOA,0
UA,SFO,LIH,0
UA,SFO,LMT,0
UA,SFO,MCI,0
UA,SFO,MCO,0
UA,SFO,MFR,0
UA,SFO,MOD,0
UA,SFO,MRY,0
UA,SFO,MSY,0
UA,SFO,OGG,0
UA,SFO,OKC,0
UA,SFO,ONT,0
UA,SFO,OTH,0
UA,SFO,PIT,0
UA,SFO,PSC,0
UA,SFO,RDD,0
UA,SFO,RDM,0
UA,SFO,RDU,0
UA,SFO,RNO,0
UA,SFO,SAN,0
UA,SFO,SAT,0
UA,SFO,SBA,0
UA,SFO,SBP,0
UA,SFO,SMF,0
UA,SFO,SNA,0
UA,SFO,STL,0
UA,SFO,TUS,0
UA,SGF,DEN,0
UA,SGU,DEN,0
UA,SHD,IAD,0
UA,SHV,DEN,0
UA,SHV,IAH,0
UA,SJC,IAH,0
UA,SMF,ACV,0
UA,SMF,IAD,0
UA,SMF,IAH,0
UA,SMF,ORD,0
UA,SMF,SFO,0
UA,SMX,LAX,0
UA,SNA,EWR,0
UA,SNA,IAH,0
UA,SRQ,ORD,0
UA,STC,ORD,0
UA,STL,CLE,0
UA,STL,EWR,0
UA,STL,IAD,0
UA,STL,IAH,0
UA,STL,SFO,0
UA,SYR,CLE,0
UA,SYR,EWR,0
UA,SYR,IAD,0
UA,TPA,CLE,0
UA,TPA,IAD,0
UA,TPA,IAH,0
UA,TUL,EWR,0
UA,TUL,IAD,0
UA,TUL,IAH,0
UA,TUS,DEN,0
UA,TUS,IAH,0
UA,TUS,SFO,0
UA,TYR,IAH,0
UA,TYS,EWR,0
UA,TYS,IAD,0
UA,TYS,IAH,0
UA,VPS,IAH,0
UA,XNA,DEN,0
UA,XNA,EWR,0
UA,XNA,IAH,0
UA,YUM,LAX,0
UN,JFK,VKO,0
UN,LAX,VKO,0
UN,MIA,VKO,0
UP,BHM,FPO,0
UP,BWI,FPO,0
UP,CMH,FPO,0
UP,EWR,FPO,0
UP,RIC,FPO,0
US,CLT,GIG,0
VR,BOS,RAI,0
VW,AUS,MEX,0
VW,MFE,MEX,0
VW,MFE,SLP,0
W3,JFK,LOS,0
WN,ABQ,BWI,0
WN,ABQ,DAL,0
WN,ABQ,HOU,0
WN,ABQ,OAK,0
WN,ABQ,SAN,0
WN,ABQ,SEA,0
WN,ALB,LAS,0
WN,ALB,MCO,0
WN,AMA,LAS,0
WN,AUS,BNA,0
WN,AUS,BWI,0
WN,AUS,DAL,0
WN,AUS,DCA,0
WN,AUS,HOU,0
WN,AUS,LBB,0
WN,AUS,SAN,0
WN,AUS,TPA,0
WN,BDL,DEN,0
WN,BDL,LAS,0
WN,BDL,RSW,0
WN,BHM,HOU,0
WN,BHM,MDW,0
WN,BKG,DAL,0
WN,BKG,HOU,0
WN,BKG,MDW,0
WN,BNA,AUS,0
WN,BNA,BOS,0
WN,BNA,CMH,0
WN,BNA,ECP,0
WN,BNA,FLL,0
WN,BNA,GSP,0
WN,BNA,JAX,0
WN,BNA,LAS,0
WN,BNA,MCI,0
WN,BNA,MSY,0
WN,BNA,PHX,0
WN,BNA,PNS,0
WN,BNA,RDU,0
WN,BNA,SAN,0
WN,BNA,SAT,0
WN,BNA,STL,0
WN,BOI,GEG,0
WN,BOI,OAK,0
WN,BOS,BNA,0
WN,BOS,MCI,0
WN,BOS,MKE,0
WN,BOS,STL,0
WN,BUF,LAS,0
WN,BUF,PHX,0
WN,BUF,TPA,0
WN,BUR,OAK,0
WN,BUR,SJC,0
WN,BUR,SMF,0
WN,BWI,BHM,0
WN,BWI,CHS,0
WN,BWI,ECP,0
WN,BWI,GRR,0
WN,BWI,GSP,0
WN,BWI,HOU,0
WN,BWI,JAX,0
WN,BWI,LIT,0
WN,BWI,MCI,0
WN,BWI,MKE,0
WN,BWI,OKC,0
WN,BWI,SEA,0
WN,CAK,DEN,0
WN,CHS,BNA,0
WN,CHS,HOU,0
WN,CLT,HOU,0
WN,CMH,BNA,0
WN,CMH,FLL,0
WN,CMH,LAS,0
WN,CRP,HOU,0
WN,DAL,ABQ,0
WN,DAL,BKG,0
WN,DAL,ELP,0
WN,DAL,HRL,0
WN,DAL,ICT,0
WN,DAL,TUL,0
WN,DAY,MCO,0
WN,DCA,AUS,0
WN,DCA,HOU,0
WN,DEN,BDL,0
WN,DEN,CAK,0
WN,DEN,HOU,0
WN,DEN,JAX,0
WN,DEN,OAK,0
WN,DEN,RDU,0
WN,ECP,BNA,0
WN,ECP,BWI,0
WN,ECP,HOU,0
WN,ECP,STL,0
WN,ELP,AUS,0
WN,ELP,DAL,0
WN,ELP,HOU,0
WN,ELP,LAS,0
WN,EWR,HOU,0
WN,EYW,MCO,0
WN,EYW,MSY,0
WN,FLL,ALB,0
WN,FLL,BNA,0
WN,FLL,BUF,0
WN,FLL,CMH,0
WN,FLL,IND,0
WN,FLL,ISP,0
WN,FLL,JAX,0
WN,FLL,MCI,0
WN,FLL,MDW,0
WN,FLL,PIT,0
WN,FLL,STL,0
WN,FNT,LAS,0
WN,GEG,BOI,0
WN,GEG,LAS,0
WN,GEG,OAK,0
WN,GRR,BWI,0
WN,GRR,TPA,0
WN,GSP,BNA,0
WN,GSP,BWI,0
WN,GSP,HOU,0
WN,HOU,ABQ,0
WN,HOU,BHM,0
WN,HOU,BKG,0
WN,HOU,BNA,0
WN,HOU,DCA,0
WN,HOU,ECP,0
WN,HOU,ELP,0
WN,HOU,EWR,0
WN,HOU,FLL,0
WN,HOU,IND,0
WN,HOU,JAN,0
WN,HOU,JAX,0
WN,HOU,LGA,0
WN,HOU,MAF,0
WN,HOU,MEM,0
WN,HOU,OAK,0
WN,HOU,PIT,0
WN,HOU,PNS,0
WN,HOU,SAN,0
WN,HOU,SAT,0
WN,HOU,STL,0
WN,HRL,AUS,0
WN,HRL,DAL,0
WN,HRL,SAT,0
WN,IND,FLL,0
WN,IND,HOU,0
WN,JAN,MDW,0
WN,JAX,BNA,0
WN,JAX,DEN,0
WN,JAX,FLL,0
WN,JAX,HOU,0
WN,JAX,LAS,0
WN,JAX,MDW,0
WN,LAS,ABQ,0
WN,LAS,ALB,0
WN,LAS,AMA,0
WN,LAS,BDL,0
WN,LAS,BHM,0
WN,LAS,BNA,0
WN,LAS,BUF,0
WN,LAS,CMH,0
WN,LAS,ELP,0
WN,LAS,FNT,0
WN,LAS,GEG,0
WN,LAS,JAX,0
WN,LAS,LBB,0
WN,LAS,LIT,0
WN,LAS,MAF,0
WN,LAS,MCI,0
WN,LAS,MSY,0
WN,LAS,OKC,0
WN,LAS,OMA,0
WN,LAS,ONT,0
WN,LAS,PIT,0
WN,LAS,SDF,0
WN,LAS,SJC,0
WN,LAS,STL,0
WN,LAS,TUL,0
WN,LBB,AUS,0
WN,LGA,HOU,0
WN,LIT,HOU,0
WN,LIT,LAS,0
WN,LIT,MDW,0
WN,LIT,PHX,0
WN,MAF,HOU,0
WN,MAF,LAS,0
WN,MCI,ABQ,0
WN,MCI,BNA,0
WN,MCI,BOS,0
WN,MCI,FLL,0
WN,MCI,HOU,0
WN,MCI,OAK,0
WN,MCI,SAN,0
WN,MCO,DAY,0
WN,MCO,EYW,0
WN,MCO,FNT,0
WN,MCO,HOU,0
WN,MCO,MHT,0
WN,MCO,ROC,0
WN,MDW,BKG,0
WN,MDW,FLL,0
WN,MDW,JAX,0
WN,MDW,RNO,0
WN,MHT,MCO,0
WN,MSY,BNA,0
WN,MSY,PHX,0
WN,OAK,ABQ,0
WN,OAK,AUS,0
WN,OAK,BOI,0
WN,OAK,BUR,0
WN,OAK,GEG,0
WN,OAK,HOU,0
WN,OAK,MCI,0
WN,OAK,ONT,0
WN,OAK,SAN,0
WN,OKC,PHX,0
WN,OMA,LAS,0
WN,ONT,MDW,0
WN,ONT,OAK,0
WN,ONT,SJC,0
WN,ONT,SMF,0
WN,PDX,ABQ,0
WN,PDX,MCI,0
WN,PHX,BNA,0
WN,PHX,BUF,0
WN,PHX,LIT,0
WN,PHX,MDW,0
WN,PHX,MSY,0
WN,PHX,OKC,0
WN,PHX,RDU,0
WN,PHX,SDF,0
WN,PHX,TUL,0
WN,PIT,BNA,0
WN,PIT,FLL,0
WN,PIT,HOU,0
WN,PIT,LAS,0
WN,PIT,RSW,0
WN,PNS,BNA,0
WN,PNS,HOU,0
WN,PVD,RSW,0
WN,PVD,TPA,0
WN,RDU,DEN,0
WN,RDU,HOU,0
WN,RDU,PHX,0
WN,RDU,STL,0
WN,RNO,SAN,0
WN,ROC,BWI,0
WN,ROC,TPA,0
WN,RSW,BDL,0
WN,RSW,MKE,0
WN,RSW,PIT,0
WN,RSW,PVD,0
WN,RSW,STL,0
WN,SAN,ABQ,0
WN,SAN,AUS,0
WN,SAN,BNA,0
WN,SAN,MDW,0
WN,SAN,MSY,0
WN,SAN,OAK,0
WN,SAN,SMF,0
WN,SAN,STL,0
WN,SAN,TUS,0
WN,SAT,BNA,0
WN,SAT,ELP,0
WN,SAT,HRL,0
WN,SAT,SAN,0
WN,SDF,LAS,0
WN,SDF,PHX,0
WN,SDF,TPA,0
WN,SEA,ABQ,0
WN,SJC,AUS,0
WN,SJC,BUR,0
WN,SJC,MDW,0
WN,SJC,ONT,0
WN,SJC,SNA,0
WN,SMF,BUR,0
WN,SMF,MDW,0
WN,SMF,ONT,0
WN,SNA,HOU,0
WN,SNA,SJC,0
WN,SNA,SMF,0
WN,STL,BOS,0
WN,STL,ECP,0
WN,STL,HOU,0
WN,STL,MCO,0
WN,STL,RSW,0
WN,STL,SAN,0
WN,STL,TUL,0
WN,TPA,AUS,0
WN,TPA,BNA,0
WN,TPA,BUF,0
WN,TPA,FNT,0
WN,TPA,GRR,0
WN,TPA,LAS,0
WN,TPA,MEM,0
WN,TPA,MHT,0
WN,TPA,ROC,0
WN,TPA,SDF,0
WN,TUL,DAL,0
WN,TUL,HOU,0
WN,TUL,LAS,0
WN,TUL,MDW,0
WN,TUL,PHX,0
WN,TUL,STL,0
WN,TUS,SAN,0
WS,KOA,YVR,0
WS,LAS,YQR,0
WS,LAS,YWG,0
WS,LAS,YXE,0
WS,LAS,YYJ,0
WS,LIH,YVR,0
WS,MCO,YYC,0
WS,MYR,YYZ,0
WS,PSP,YEG,0
WS,PSP,YVR,0
WS,PSP,YYC,0
X7,MIA,APF,0
Y4,LAS,GDL,0
Y4,LAX,AGU,0
Y4,LAX,MLM,0
Y4,LAX,UPN,0
Y4,LAX,ZCL,0
Y4,MDW,BJX,0
Y4,MDW,GDL,0
Y4,MDW,MLM,0
Y4,MDW,ZCL,0
Y4,OAK,GDL,0
Y4,SAN,MEX,0
YR,GCN,PGA,0
YR,PGA,GCN,0
ZK,ATY,MSP,0
ZK,BFF,DEN,0
ZK,CEZ,DEN,0
ZK,DEN,BFF,0
ZK,DEN,CEZ,0
ZK,DEN,DDC,0
ZK,DEN,EAR,0
ZK,DEN,LBF,0
ZK,DEN,LBL,0
ZK,DEN,MCK,0
ZK,DEN,PGA,0
ZK,DEN,RIW,0
ZK,DEN,SHR,0
ZK,EAR,DEN,0
ZK,LAX,MCE,0
ZK,LAX,PRC,0
ZK,LAX,VIS,0
ZK,LBF,DEN,0
ZK,MCE,LAX,0
ZK,MCK,DEN,0
ZK,MSP,ATY,0
ZK,PGA,IGM,0
ZK,PGA,PHX,0
ZK,PHX,PGA,0
ZK,PHX,SVC,0
ZK,PRC,LAX,0
ZK,RIW,DEN,0
ZK,SHR,DEN,0
ZK,SVC,PHX,0
