id,airport_ref,airport_ident,length_ft,width_ft,surface,lighted,closed,le_ident,he_ident
249330,6807,05AK,2000,100,TURF-GRVL,0,0,01,19
251184,7977,16A,2420,75,GRVL-G,1,0,18,36
251185,7977,16A,3000,300,WATER,0,0,NE,SW
257676,8638,1RL,2265,125,TURF-E,0,0,16,34
257164,9819,2U7,4300,150,TURF-DIRT-G,0,0,17,35
251667,9850,2WA3,1560,50,DIRT,0,0,09,27
256843,10309,38WA,2200,40,ASPH,1,0,01,19
257666,11318,4A2,3000,75,GRAVEL-G,1,0,15,33
252706,11485,4K0,3002,60,GRVL-G,1,0,09,27
256206,11487,4K5,3300,80,GRVL-G,1,0,08,26
248096,11488,4KA,1778,30,GRVL-P,1,0,08,26
252364,11900,51Z,2000,65,GRVL-G,0,0,01,19
258105,12243,5A8,2030,60,GRVL-DIRT-F,0,0,15,33
249695,13634,6Y8,2512,30,ASPH-G,0,0,09,27
249696,13634,6Y8,3500,140,TURF-F,0,0,17,35
255080,13997,78WA,1600,100,TURF-GRVL,1,0,17,35
246612,14173,7KA,3701,75,GRVL-E,1,0,13,31
246613,14173,7KA,8000,4000,WATER,0,0,13W,31W
253662,14453,7WA5,2000,55,TURF,0,0,09,27
257341,14820,89D,2202,50,ASPH-P,1,0,09,27
257342,14820,89D,2270,35,ASPH-F,1,0,18,36
240593,14843,89TE,6501,100,ASPH,1,0,07,25
246961,15300,90WA,2700,300,TURF,0,0,14,32
270804,15640,9A3,3401,60,GRVL-E,1,0,9,27
246475,16082,A61,3005,75,GRAVEL-G,1,0,02,20
257223,16083,A63,3000,60,GRAVEL-G,1,0,18,36
252638,16089,A79,2800,60,GRVL-F,0,0,08,26
255337,16716,CJX,1997,60,GRVL-DIRT-P,0,0,13,31
248925,16718,CKX,2500,60,GRAVEL-G,0,0,13,31
255106,17597,GNU,2835,80,GRVL-F,0,0,05,23
244776,18945,K61B,5103,75,ASP,1,0,09,27
244777,18945,K61B,2200,60,ASP,0,1,09L,27R
244778,18945,K61B,3852,75,ASP,1,0,15,33
245553,19030,K74S,3018,60,ASP,1,0,18,36
240632,3356,KABE,7599,150,ASP,1,0,06,24
240633,3356,KABE,5800,150,ASP,1,0,13,31
243999,3357,KABI,3678,100,ASP,1,0,04,22
244001,3357,KABI,7198,150,ASP,1,0,17L,35R
244000,3357,KABI,7208,150,ASP,1,0,17R,35L
253207,16091,KABQ,10000,150,CONC-G,0,0,03,21
253208,16091,KABQ,13793,150,CONC-G,0,0,08,26
253209,16091,KABQ,6000,150,CONC-G,0,0,12,30
253210,16091,KABQ,10000,150,ASPH-CONC-F,0,1,17,35
241085,3358,KABR,6901,100,CON,1,0,13,31
241086,3358,KABR,5500,100,ASP,1,0,17,35
244793,3359,KABY,6601,150,ASP,1,0,05,23
244794,3359,KABY,5200,150,ASP,1,0,17,35
241297,3360,KACK,6303,150,ASP,1,0,06,24
241298,3360,KACK,2696,50,ASP,0,1,12,30
241299,3360,KACK,4500,100,ASP,1,0,15,33
243726,3361,KACT,7107,150,ASP,1,0,01,19
243727,3361,KACT,5103,150,ASP,1,0,14,32
243548,3362,KACV,4501,150,ASP,1,0,01,19
243549,3362,KACV,6046,150,ASP,1,0,14,32
241402,3363,KACY,6145,150,PEM,1,0,04,22
241403,3363,KACY,10001,150,ASP,1,0,13,31
245685,3365,KAEX,9352,150,CON,1,0,14,32
245686,3365,KAEX,7001,150,ASP,1,1,18,36
243252,3368,KAGS,6001,75,ASP,1,0,08,26
243253,3368,KAGS,8001,150,ASP,1,0,17,35
245357,19257,KAIA,6190,75,ASP,1,0,08,26
245358,19257,KAIA,9203,150,ASP,1,0,12,30
245359,19257,KAIA,6311,75,ASP,0,0,17,35
245818,3371,KALB,8500,150,ASP,1,0,01,19
245819,3371,KALB,7200,150,ASP,1,0,10,28
242683,3375,KALO,5403,129,ASP,0,1,06,24
242684,3375,KALO,8399,150,ASP,1,0,12,30
242685,3375,KALO,6003,150,ASP,1,0,18,36
240913,19275,KALS,8521,100,ASP,1,0,02,20
240914,19275,KALS,3200,100,GRE,0,1,06,24
241115,3376,KALW,6527,150,ASP,1,0,02,20
241116,3376,KALW,4486,150,PEM,0,1,07,25
241117,3376,KALW,5948,150,PEM,0,1,16,34
245499,3377,KAMA,13502,200,CON,1,0,04,22
245500,3377,KAMA,7901,150,CON,1,0,13,31
243676,3380,KAOO,5465,100,ASP,1,0,03,21
243677,3380,KAOO,3668,75,ASP,1,0,12,30
243156,3382,KAPN,9001,150,CON,1,0,01,19
243157,3382,KAPN,5028,100,CON,1,0,07,25
245478,3383,KART,4999,150,ASP,1,0,07,25
245479,3383,KART,7001,150,ASP,1,0,10,28
242512,19308,KASE,8006,100,ASP,1,0,15,33
243551,3384,KATL,9000,150,CON,1,0,08L,26R
243550,3384,KATL,9999,150,CON,1,0,08R,26L
243553,3384,KATL,12390,150,CON,1,0,09L,27R
243552,3384,KATL,9000,150,CON,1,0,09R,27L
243554,3384,KATL,9000,150,CON,1,0,10,28
242981,19320,KATW,8003,150,CON,1,0,03,21
242982,19320,KATW,6502,150,CON,1,0,12,30
243755,3385,KATY,6898,100,ASP,1,0,12,30
243756,3385,KATY,6893,100,ASP,1,0,17,35
243731,19321,KAUG,2613,75,ASP,1,0,08,26
243732,19321,KAUG,5002,100,ASP,1,0,17,35
243456,3386,KAUS,9000,150,CON,1,0,18L,36R
243455,3386,KAUS,12250,150,CON,1,0,18R,36L
242865,3387,KAVL,8002,150,ASP,1,0,17,35
243435,3388,KAVP,7502,150,ASP,1,0,04,22
243436,3388,KAVP,4300,150,ASP,1,0,10,28
244760,19334,KAWO,3498,75,ASP,1,0,11,29
244761,19334,KAWO,5332,100,ASP,1,0,16,34
246000,3390,KAZO,3438,100,ASP,1,0,05,23
246001,3390,KAZO,2800,60,ASP,1,0,09,27
246002,3390,KAZO,6502,150,ASP,1,0,17,35
270822,45961,KBBG,7140,150,CONC-G,1,0,14,32
245311,3396,KBDL,9510,200,ASP,1,0,06,24
245310,3396,KBDL,5145,100,ASP,0,1,1,19
245312,3396,KBDL,6847,150,ASP,1,0,15,33
239711,3398,KBED,5107,150,ASP,1,0,05,23
239712,3398,KBED,7011,150,ASP,1,0,11,29
243909,3399,KBFD,4499,100,ASP,1,0,05,23
243910,3399,KBFD,6307,150,ASP,1,0,14,32
245472,3400,KBFF,8002,150,ASP,1,0,05,23
245473,3400,KBFF,8279,150,ASP,1,0,12,30
244141,3401,KBFI,3709,100,ASP,1,0,14L,32R
244140,3401,KBFI,10007,200,ASP,1,0,14R,32L
241920,3402,KBFL,10849,150,ASP,1,0,12L,30R
241919,3402,KBFL,7700,100,ASP,1,0,12R,30L
245615,3404,KBGM,5001,150,ASP,1,0,10,28
245616,3404,KBGM,7305,150,ASP,1,0,16,34
240571,3405,KBGR,11440,200,ASP,1,0,15,33
245444,19373,KBHB,5200,100,ASP,1,0,04,22
245445,19373,KBHB,3599,150,GRS,0,1,11,29
245446,19373,KBHB,3363,75,ASP,0,0,17,35
245127,3406,KBHM,12007,150,ASP,1,0,06,24
245128,3406,KBHM,7099,150,ASP,1,0,18,36
257824,16500,KBID,2502,100,ASPH-E,0,0,10,28
241079,19377,KBIH,5567,100,ASP,1,0,08,26
241080,19377,KBIH,7498,100,ASP,1,0,12,30
241081,19377,KBIH,5600,100,ASP,1,0,17,35
240074,3408,KBIL,5501,75,ASP,1,0,07,25
240076,3408,KBIL,10518,150,ASP,1,0,10L,28R
240075,3408,KBIL,3800,75,ASP,1,0,10R,28L
240514,3409,KBIS,6600,100,ASP,1,0,03,21
240515,3409,KBIS,8794,150,ASP,1,0,13,31
241034,3411,KBJC,3600,75,ASP,1,0,03,21
241036,3411,KBJC,9000,100,ASP,1,0,12L,30R
241035,3411,KBJC,7002,75,ASP,1,0,12R,30L
243010,3415,KBKW,6750,150,ASP,1,0,01,19
243011,3415,KBKW,5001,100,ASP,1,0,10,28
244751,3416,KBLI,6700,150,ASP,1,0,16,34
244883,3417,KBLV,10000,150,CON,1,0,14L,32R
244882,3417,KBLV,8006,150,PEM,1,0,14R,32L
243260,3419,KBMI,8000,150,CON,1,0,02,20
243261,3419,KBMI,3723,100,ASP,0,1,03,21
243262,3419,KBMI,6525,150,PEM,1,0,11,29
243616,3420,KBNA,8001,150,CON,1,0,02C,20C
243618,3420,KBNA,7704,150,CON,1,0,02L,20R
243617,3420,KBNA,8001,150,CON,1,0,02R,20L
243619,3420,KBNA,11030,150,ASP,1,0,13,31
241006,3421,KBOI,5000,75,ASP,0,1,09,27
241008,3421,KBOI,10000,150,ASP,1,0,10L,28R
241007,3421,KBOI,9763,150,ASP,1,0,10R,28L
240222,3422,KBOS,7864,150,ASP,1,0,04L,22R
240221,3422,KBOS,10006,150,ASP,1,0,04R,22L
240223,3422,KBOS,7001,150,ASP,1,0,09,27
250377,3422,KBOS,5000,100,ASPH-G,0,0,14,32
240225,3422,KBOS,2557,100,ASP,1,0,15L,33R
240224,3422,KBOS,10083,150,ASP,1,0,15R,33L
242538,3423,KBPT,6751,150,CON,1,0,12,30
242539,3423,KBPT,5071,150,PEM,1,0,16,34
241769,3424,KBQK,8001,150,PEM,1,0,07,25
243943,19406,KBRD,2800,75,ASP,0,1,01,19
243944,19406,KBRD,6512,150,ASP,1,0,05,23
243945,19406,KBRD,4080,75,ASP,1,0,12,30
253640,19406,KBRD,7100,150,CONC-E,0,0,16,34
245587,3425,KBRL,5351,100,CON,1,0,12,30
245588,3425,KBRL,6102,100,PEM,1,0,18,36
244284,3426,KBRO,7399,150,ASP,1,0,13,31
244285,3426,KBRO,3000,75,ASP,0,1,13L,31R
244286,3426,KBRO,6000,150,ASP,1,0,18,36
244645,3428,KBTM,5545,75,ASP,0,1,02,20
244646,3428,KBTM,5100,75,ASP,1,0,12,30
244647,3428,KBTM,9000,150,ASP,1,0,15,33
245596,3429,KBTR,7500,150,CON,1,0,04L,22R
245595,3429,KBTR,3799,75,ASP,1,0,04R,22L
245597,3429,KBTR,7005,150,ASP,1,0,13,31
243900,3430,KBTV,4112,75,ASP,1,0,01,19
243901,3430,KBTV,8319,150,ASP,1,0,15,33
245233,3431,KBUF,8829,150,ASP,1,0,05,23
245234,3431,KBUF,7161,150,ASP,1,0,14,32
243001,3432,KBUR,5802,150,ASP,1,0,08,26
243002,3432,KBUR,6886,150,ASP,1,0,15,33
245650,3435,KBWI,6000,150,ASP,1,1,04,22
245651,3435,KBWI,10503,150,ASP,1,0,10,28
245653,3435,KBWI,5000,100,ASP,1,0,15L,33R
245652,3435,KBWI,9501,150,ASP,1,0,15R,33L
245494,3437,KBZN,2650,75,ASP,0,0,03,21
604746,3437,KBZN,5050,75,Asphalt,1,0,11,29
245495,3437,KBZN,2802,80,GRS,0,0,11G,29G
245496,3437,KBZN,8994,150,ASP,1,0,12,30
241977,3438,KCAE,8001,150,PEM,1,0,05,23
241978,3438,KCAE,8601,150,ASP,1,0,11,29
244004,3439,KCAK,7601,150,ASP,1,0,01,19
244005,3439,KCAK,8204,150,ASP,1,0,05,23
244006,3439,KCAK,5599,150,ASP,0,1,14,32
244515,19469,KCCR,5001,150,PEM,1,0,01L,19R
244514,19469,KCCR,2770,75,ASP,1,0,01R,19L
244517,19469,KCCR,4602,150,PEM,1,0,14L,32R
244516,19469,KCCR,2798,75,ASP,0,0,14R,32L
245261,3442,KCDC,8653,150,ASP,1,0,02,20
245262,3442,KCDC,4822,60,ASP,1,0,08,26
242165,19474,KCDR,5998,100,CON,1,0,03,21
242166,19474,KCDR,4400,75,CON,1,0,12,30
242279,3443,KCEC,5002,150,ASP,1,0,11,29
242280,3443,KCEC,5002,150,ASP,1,0,17,35
241999,19482,KCEZ,7205,100,ASP,1,0,03,21
244247,3447,KCGI,3997,100,PEM,1,0,02,20
244248,3447,KCGI,6500,150,CON,1,0,10,28
242183,3448,KCHA,7400,150,ASP,1,0,02,20
242184,3448,KCHA,5575,150,ASP,1,0,15,33
243593,3449,KCHO,6801,150,ASP,1,0,03,21
245051,3450,KCHS,7000,150,ASP,1,0,03,21
245052,3450,KCHS,9001,150,CON,1,0,15,33
242544,3451,KCID,8600,150,PER,1,0,09,27
242545,3451,KCID,6200,150,PER,1,0,13,31
245140,3452,KCIU,5000,75,ASP,1,0,09,27
245141,3452,KCIU,7203,150,CON,1,0,16,34
243152,3453,KCKB,7800,150,ASP,1,0,03,21
240929,3454,KCLE,7096,150,CON,1,1,06C,24C
240932,3454,KCLE,6018,150,concrete,1,0,10,28
240931,3454,KCLE,9000,150,CON,1,0,6L,24R
240930,3454,KCLE,9953,150,CON,1,0,6R,24L
243970,3455,KCLL,5149,150,CON,0,1,04,22
243971,3455,KCLL,5158,150,ASP,1,0,11,29
243972,3455,KCLL,7000,146,PEM,1,0,17,35
245926,3457,KCLT,7502,150,PEM,1,1,05,23
248058,3457,KCLT,10000,150,CONC-F,0,0,18C,36C
245928,3457,KCLT,8676,150,PEM,1,0,18L,36R
245927,3457,KCLT,9000,150,CON,1,0,18R,36L
244547,3458,KCMH,8000,150,ASP,1,0,10L,28R
244546,3458,KCMH,10114,150,ASP,1,0,10R,28L
245944,3459,KCMI,6502,150,CON,1,0,04,22
245946,3459,KCMI,8101,150,CON,1,0,14L,32R
245945,3459,KCMI,3816,75,ASP,1,0,14R,32L
245947,3459,KCMI,5299,150,CON,1,1,18,36
244797,3460,KCMX,5201,100,ASP,1,0,07,25
244798,3460,KCMX,6501,150,ASP,1,0,14,32
242356,3461,KCNM,7854,150,ASP,1,0,03,21
242357,3461,KCNM,5334,75,ASP,1,0,08,26
242359,3461,KCNM,4616,150,ASP,0,0,14L,32R
242358,3461,KCNM,5837,100,ASP,1,0,14R,32L
242614,19529,KCNY,7360,100,ASP,1,0,03,21
244791,19530,KCOD,8268,100,ASP,1,0,04,22
245222,3463,KCOS,8272,150,ASP,1,0,12,30
245224,3463,KCOS,13500,150,CON,1,0,17L,35R
245223,3463,KCOS,11022,150,ASP,1,0,17R,35L
244042,3464,KCOU,7401,150,CON,1,0,02,20
244043,3464,KCOU,5500,100,Concrete,1,0,13,31
245905,3465,KCPR,10165,150,ASP,1,0,03,21
245906,3465,KCPR,8679,150,ASP,0,1,08,26
245907,3465,KCPR,6484,60,ASP,0,1,12,30
245908,3465,KCPR,7696,60,ASP,0,0,17,35
244379,3466,KCRP,7510,150,ASP,1,0,13,31
244380,3466,KCRP,6080,150,ASP,1,0,17,35
241915,19552,KCRQ,4897,150,ASP,1,0,06,24
241242,3467,KCRW,6715,150,ASP,1,0,05,23
241243,3467,KCRW,4751,150,ASP,1,1,15,33
243477,3468,KCSG,6997,150,ASP,1,0,06,24
243478,3468,KCSG,3997,75,ASP,1,0,13,31
240940,3471,KCVG,12001,150,PEM,1,0,09,27
240941,3471,KCVG,11000,150,PEM,1,0,18C,36C
240943,3471,KCVG,10000,150,CON,1,0,18L,36R
240942,3471,KCVG,8000,150,CON,1,0,18R,36L
245862,19569,KCVN,7200,150,ASP,1,0,04,22
245863,19569,KCVN,2442,75,GRE,0,0,08,26
245864,19569,KCVN,5697,100,ASP,1,0,12,30
245117,19570,KCVX,1280,200,GRS,0,0,04,22
245118,19570,KCVX,4549,75,ASP,1,0,09,27
240365,19571,KCWA,7723,150,CON,1,0,08,26
240366,19571,KCWA,6501,150,CON,1,0,17,35
245040,3476,KCYS,9270,150,CON,1,0,09,27
245041,3476,KCYS,6690,150,ASP,1,0,13,31
241378,3478,KDAB,10500,150,ASP,1,0,07L,25R
241377,3478,KDAB,3195,100,ASP,1,0,07R,25L
241379,3478,KDAB,6001,150,ASP,1,0,16,34
241143,3479,KDAL,7752,150,CON,1,0,13L,31R
241142,3479,KDAL,8800,150,CON,1,0,13R,31L
241144,3479,KDAL,6147,150,ASP,0,1,18,36
242737,3481,KDAY,10901,150,PEM,1,0,06L,24R
242736,3481,KDAY,7285,150,PEM,1,0,06R,24L
242738,3481,KDAY,8502,150,PEM,1,0,18,36
244565,3482,KDBQ,6502,100,CON,1,0,13,31
244566,3482,KDBQ,6327,150,CON,1,0,18,36
241380,3483,KDCA,7169,150,ASP,1,0,01,19
241381,3483,KDCA,5000,150,ASP,1,0,04,22
241382,3483,KDCA,5204,150,ASP,1,0,15,33
243430,3484,KDDC,4649,100,ASP,1,0,02,20
243431,3484,KDDC,6899,100,ASP,1,0,14,32
243912,3485,KDEC,8496,150,PEM,1,0,06,24
243913,3485,KDEC,6799,150,PEM,1,0,12,30
243914,3485,KDEC,5298,150,ASP,1,0,18,36
244458,3486,KDEN,12000,150,CON,1,0,07,25
244459,3486,KDEN,12000,150,CON,1,0,08,26
244461,3486,KDEN,12000,150,CON,1,0,16L,34R
244460,3486,KDEN,16000,200,CON,1,0,16R,34L
244463,3486,KDEN,12000,150,CON,1,0,17L,35R
244462,3486,KDEN,12000,150,CON,1,0,17R,35L
243410,3488,KDFW,9000,200,CON,1,0,13L,31R
243409,3488,KDFW,9300,150,CON,1,0,13R,31L
243411,3488,KDFW,13400,150,CON,1,0,17C,35C
243413,3488,KDFW,8500,150,CON,1,0,17L,35R
243412,3488,KDFW,13400,200,CON,1,0,17R,35L
243415,3488,KDFW,13401,200,CON,1,0,18L,36R
243414,3488,KDFW,13400,150,CON,1,0,18R,36L
244287,3489,KDHN,8500,150,ASP,1,0,14,32
244288,3489,KDHN,5501,102,ASP,1,0,18,36
242987,19630,KDIK,4700,75,ASP,1,0,07,25
242988,19630,KDIK,7301,150,ASP,1,0,14,32
242360,3491,KDLH,5719,150,ASP,1,0,03,21
242361,3491,KDLH,10591,150,CON,1,0,09,27
240933,3494,KDOV,9602,150,PEM,1,0,01,19
240934,3494,KDOV,12903,150,PEM,1,0,14,32
257623,19654,KDRO,9201,150,ASPH-G,0,0,03,21
244171,3496,KDSM,9001,150,ASP,1,0,13,31
244170,3496,KDSM,9004,150,Concrete-Grooved,1,0,5,23
242406,19661,KDTS,5001,100,ASP,1,0,14,32
243014,3497,KDTW,8501,150,PEM,1,0,03L,21R
243013,3497,KDTW,10001,150,CON,1,0,03R,21L
243016,3497,KDTW,10000,150,CON,1,0,04L,22R
243015,3497,KDTW,12003,200,CON,1,0,04R,22L
243018,3497,KDTW,8708,150,PEM,1,0,09L,27R
243017,3497,KDTW,8500,150,CON,1,0,09R,27L
240776,3498,KDUJ,5503,100,ASP,1,0,07,25
245942,19668,KDVL,4314,75,ASP,1,0,03,21
245943,19668,KDVL,6400,100,ASP,1,0,13,31
240323,19716,KEAR,4498,75,CON,1,0,13,31
240324,19716,KEAR,7094,100,ASP,1,0,18,36
243758,19717,KEAT,4460,150,ASP,0,1,07,25
243759,19717,KEAT,7000,150,ASP,1,0,12,30
241342,3501,KEAU,8101,150,CON,1,0,04,22
241343,3501,KEAU,5000,100,CON,1,0,14,32
254495,19718,KEB,1850,50,GRVL-P,0,0,01,19
271045,46530,KECP,10000,150,CON,1,0,16,34
270861,45955,KEDC,6025,100,ASPH-G,1,0,13,31
270862,45955,KEDC,1550,25,ASPH-F,0,0,16,34
245375,3505,KEGE,9000,150,ASP,1,0,07,25
245376,3505,KEGE,5013,60,ASP,0,1,08,26
241189,3508,KEKO,7214,150,ASP,1,0,06,24
241190,3508,KEKO,3015,60,ASP,0,0,12,30
243687,3509,KELD,6601,150,ASP,1,0,04,22
243688,3509,KELD,5100,100,CON,0,1,13,31
243689,3509,KELD,3733,75,CON,0,1,17,35
245092,3510,KELM,2016,150,GRS,0,0,05,23
245093,3510,KELM,8001,150,ASP,1,0,06,24
245094,3510,KELM,5404,150,ASP,1,0,10,28
241949,3512,KELP,12020,150,ASP,1,0,04,22
241951,3512,KELP,5499,75,ASP,1,0,08L,26R
241950,3512,KELP,9025,150,ASP,1,0,08R,26L
244531,3515,KERI,3508,150,ASP,1,0,02,20
244532,3515,KERI,8420,150,ASP,1,0,06,24
243317,19770,KESC,5016,100,ASP,1,0,01,19
243316,19770,KESC,6498,150,ASP,1,0,10,28
244486,3517,KEUG,5228,150,ASP,0,1,03,21
244488,3517,KEUG,6000,150,ASP,1,0,16L,34R
244487,3517,KEUG,8009,150,ASP,1,0,16R,34L
243466,3518,KEVV,8021,150,ASP,1,0,04,22
243467,3518,KEVV,3497,75,ASP,1,0,09,27
243468,3518,KEVV,6286,150,ASP,1,0,18,36
241877,3519,KEWB,5400,150,ASP,1,0,05,23
241878,3519,KEWB,5002,75,ASP,1,0,14,32
244181,3520,KEWN,6452,150,ASP,1,0,04,22
251731,3520,KEWN,4001,150,ASPH-G,0,0,14,32
240989,3521,KEWR,6725,150,ASP,1,0,11,29
240988,3521,KEWR,11000,150,ASP,1,0,4L,22R
240987,3521,KEWR,9999,150,ASP,1,0,4R,22L
245923,3522,KEYW,5076,100,ASP,1,0,09,27
240748,3523,KFAR,6302,100,CON,1,0,09,27
240749,3523,KFAR,3801,75,PEM,1,0,13,31
240750,3523,KFAR,9001,150,CON,1,0,18,36
243596,3524,KFAT,9539,150,ASP,1,0,11L,29R
243595,3524,KFAT,8008,150,ASP,1,0,11R,29L
239689,3525,KFAY,7709,150,ASP,1,0,04,22
239690,3525,KFAY,4801,150,ASP,1,0,10,28
243606,19868,KFHR,3402,75,ASP,1,0,16,34
242767,3530,KFLG,8800,150,ASP,1,0,03,21
241503,3531,KFLL,9000,150,ASP,1,0,10L,28R
241502,3531,KFLL,8000,150,ASP,1,0,10R,28L
245957,3532,KFLO,6000,150,ASP,1,0,01,19
245958,3532,KFLO,6502,150,ASP,1,0,09,27
243799,3535,KFNT,7201,150,ASP,1,0,09,27
243800,3535,KFNT,7852,150,ASP,1,0,18,36
245511,3536,KFOD,6547,150,ASP,1,0,06,24
245512,3536,KFOD,5301,100,ASP,1,0,12,30
241268,3541,KFSD,9000,150,CON,1,0,03,21
241269,3541,KFSD,3151,75,CON,1,0,09,27
241270,3541,KFSD,8000,150,ASP,1,0,15,33
239846,3543,KFSM,5002,150,ASP,1,1,01,19
239847,3543,KFSM,8000,150,ASP,1,0,07,25
244131,3545,KFTW,3677,100,ASP,0,1,09,27
244132,3545,KFTW,7502,150,CON,1,0,16,34
244133,3545,KFTW,4005,75,ASP,1,0,17,35
241087,3547,KFWA,11981,150,PEM,1,0,05,23
241088,3547,KFWA,4001,75,PEM,0,0,09,27
241089,3547,KFWA,8002,150,PEM,1,0,14,32
244727,19929,KGCC,5804,75,CON,1,0,03,21
244728,19929,KGCC,7501,150,CON,1,0,16,34
241043,3550,KGCK,5700,100,CON,1,0,12,30
241044,3550,KGCK,7299,100,PEM,1,0,17,35
240186,3551,KGCN,8999,150,ASP,1,0,03,21
242224,19936,KGDV,3002,60,ASP,1,0,02,20
242225,19936,KGDV,5704,100,ASP,1,0,12,30
240665,3552,KGEG,11002,150,ASP,1,0,03,21
240666,3552,KGEG,8199,150,ASP,1,0,08,26
249757,3553,KGFK,6701,100,CONC-G,0,0,09L,27R
239996,3553,KGFK,3300,60,CON,1,0,09R,27L
239998,3553,KGFK,3901,75,CON,1,0,17L,35R
239997,3553,KGFK,7351,150,ASP,1,0,17R,35L
240587,3555,KGGG,10000,150,ASP,1,0,13,31
251978,3555,KGGG,6110,150,ASPH-G,0,0,18,36
245688,3556,KGGW,5000,75,ASP,1,0,08,26
245689,3556,KGGW,5002,100,ASP,1,0,12,30
243644,3557,KGJT,5501,75,ASP,1,0,04,22
243645,3557,KGJT,9339,150,ASP,1,0,11,29
244733,19958,KGLH,8001,150,ASP,1,0,18L,36R
244732,19958,KGLH,7019,150,PEM,1,0,18R,36L
240798,3559,KGNV,4158,100,ASP,1,0,07,25
240799,3559,KGNV,7504,150,ASP,1,0,11,29
242810,3527,KGPI,9007,150,ASP,1,0,02,20
242811,3527,KGPI,3043,150,ASP,0,1,07,25
242812,3527,KGPI,3510,75,ASP,1,0,12,30
241634,3561,KGPT,7000,150,ASP,0,1,04,22
241635,3561,KGPT,9002,150,PEM,1,0,14,32
241636,3561,KGPT,4935,150,ASP,1,0,18,36
243113,3562,KGRB,7700,150,CON,1,0,06,24
243114,3562,KGRB,3198,75,ASP,0,1,12,30
243115,3562,KGRB,8700,150,CON,1,0,18,36
241631,3564,KGRI,6608,100,CON,1,0,13,31
241632,3564,KGRI,7002,150,ASP,1,0,17,35
244724,3565,KGRK,9997,200,PEM,1,0,15,33
243568,3566,KGRR,5001,100,CON,1,0,08L,26R
243567,3566,KGRR,10001,150,CON,1,0,08R,26L
243569,3566,KGRR,8501,150,CON,1,0,17,35
244086,3568,KGSO,9000,150,ASPH,1,0,05L,23R
256636,3568,KGSO,10001,150,PEM,1,0,05R,23L
244087,3568,KGSO,6380,150,ASP,1,0,14,32
245237,3569,KGSP,11001,150,PEM,1,0,04,22
245967,3571,KGTF,10502,150,ASP,1,0,03,21
245968,3571,KGTF,4294,75,ASP,1,0,07,25
245969,3571,KGTF,6030,150,ASP,1,0,17,35
241431,19982,KGTR,8003,150,ASP,1,0,18,36
245109,19984,KGUC,2981,150,GVL,0,0,17,35
245108,19984,KGUC,9400,150,ASP,1,0,6,24
241762,3572,KGUP,7312,100,ASP,1,0,06,24
252503,19993,KGX,4000,75,GRAVEL-G,1,0,17,35
243384,3575,KGYY,3604,100,ASP,1,0,02,20
243385,3575,KGYY,8859,150,ASP,1,0,12,30
244421,20038,KHDN,10000,150,ASP,1,0,10,28
243743,3577,KHGR,3165,100,ASP,1,0,02,20
243744,3577,KHGR,7000,150,ASP,1,0,09,27
241199,3578,KHHR,4884,100,CON,1,0,07,25
243076,3579,KHIB,3075,75,ASP,0,0,04,22
243077,3579,KHIB,6758,150,ASP,1,0,13,31
242426,20053,KHII,8000,100,ASP,1,0,14,32
342309,20053,KHII,2000,200,Concrete,0,1,1AZ,LH2
342311,20053,KHII,1800,150,Dirt,0,1,KI5,2AZ
241172,3582,KHLN,4644,75,ASP,1,0,05,23
241173,3582,KHLN,9000,150,ASP,1,0,09,27
241174,3582,KHLN,2989,75,ASP,1,0,16,34
244449,20071,KHOB,8000,150,ASP,1,0,04,22
244450,20071,KHOB,6002,150,ASP,1,0,13,31
244451,20071,KHOB,4370,100,ASP,0,0,17,35
242200,3587,KHOT,6595,150,ASP,1,0,05,23
242201,3587,KHOT,4098,100,ASP,1,0,13,31
242042,3588,KHOU,7602,150,CON,1,0,04,22
242044,3588,KHOU,5148,100,CON,1,0,13L,31R
242043,3588,KHOU,7602,150,ASP,1,0,13R,31L
242045,3588,KHOU,6000,150,PEM,1,1,17,35
242305,3589,KHPN,4451,150,ASP,1,0,11,29
242306,3589,KHPN,6549,150,ASP,1,0,16,34
241974,3591,KHRL,7257,150,ASP,1,0,13,31
241976,3591,KHRL,5950,150,ASP,1,0,18L,36R
241975,3591,KHRL,9400,150,ASP,1,0,18R,36L
240567,3592,KHRO,6161,150,ASP,1,0,18,36
245702,3594,KHSV,10001,150,ASP,1,0,18L,36R
245701,3594,KHSV,12600,150,ASP,1,0,18R,36L
241266,3595,KHTS,3007,60,ASP,1,1,03,21
241267,3595,KHTS,7017,150,ASP,1,0,12,30
246005,3599,KHVN,5600,150,ASP,1,0,02,20
246006,3599,KHVN,3626,100,ASP,1,1,14,32
242424,20099,KHVR,3699,60,ASP,1,0,03,21
242425,20099,KHVR,5205,100,ASPH-F,1,0,08,26
241288,20105,KHXD,5000,100,ASP,1,0,03,21
246020,3600,KHYA,5425,150,ASP,1,0,06,24
246021,3600,KHYA,5255,150,ASP,1,0,15,33
245005,20109,KHYS,4501,75,CON,1,0,04,22
245006,20109,KHYS,6501,100,ASP,1,0,16,34
250849,3602,KIAD,11500,150,CONC-G,1,0,01C,19C
243968,3602,KIAD,9400,150,CON,1,0,01L,19R
243967,3602,KIAD,11500,150,CON,1,0,01R,19L
243969,3602,KIAD,10501,150,CON,1,0,12,30
242796,3603,KIAG,5188,150,ASP,1,0,06,24
242798,3603,KIAG,9826,150,PEM,1,0,10,28
242797,3603,KIAG,3973,75,ASP,1,1,10R,28L
241822,3604,KIAH,9000,150,CON,1,0,08L,26R
241821,3604,KIAH,9402,150,CON,1,0,08R,26L
241823,3604,KIAH,10000,150,ASP,1,0,09,27
241825,3604,KIAH,12001,150,CON,1,0,15L,33R
241824,3604,KIAH,10000,150,CON,1,0,15R,33L
240444,3605,KICT,10302,150,CON,1,0,01L,19R
240443,3605,KICT,7302,150,CON,1,0,01R,19L
240445,3605,KICT,6301,150,CON,1,0,14,32
244842,3606,KIDA,9002,150,ASP,1,0,02,20
244843,3606,KIDA,3964,75,ASP,1,0,17,35
245748,3608,KILG,7012,150,ASP,1,0,01,19
245749,3608,KILG,7275,150,ASP,1,0,09,27
245750,3608,KILG,4602,150,ASP,1,0,14,32
245583,3609,KILM,8016,150,CON,1,0,06,24
245584,3609,KILM,7754,150,ASP,1,0,17,35
239810,20177,KIMT,6502,150,ASP,1,0,01,19
239811,20177,KIMT,3810,75,ASP,1,0,13,31
242275,3610,KIND,11200,150,CON,1,0,05L,23R
242274,3610,KIND,10000,150,CON,1,0,05R,23L
242276,3610,KIND,7278,150,ASP,1,0,14,32
241550,3612,KINL,2999,75,ASP,0,0,04,22
241551,3612,KINL,7400,150,ASP,1,0,13,31
243604,20184,KIPL,4501,75,ASP,1,0,08,26
243605,20184,KIPL,5308,100,ASP,1,0,14,32
242252,3614,KIPT,6825,150,ASP,1,0,09,27
242253,3614,KIPT,4273,150,ASP,1,0,12,30
244587,3615,KIRK,1370,100,GRE,0,0,09,27
244588,3615,KIRK,6005,100,CON,1,0,18,36
245727,3616,KISP,7006,150,ASP,1,0,06,24
245728,3616,KISP,5034,150,ASP,1,1,10,28
245730,3616,KISP,3175,75,ASP,0,0,15L,33R
245729,3616,KISP,5186,150,ASP,1,0,15R,33L
245794,20193,KITH,6977,150,ASP,1,0,14,32
245795,20193,KITH,2018,50,GRS,0,0,15,33
243460,3617,KIWA,10201,150,PEM,1,0,12C,30C
243462,3617,KIWA,9300,150,CON,1,0,12L,30R
243461,3617,KIWA,10401,150,CON,1,0,12R,30L
243902,20195,KIWD,6502,100,ASP,1,0,09,27
241529,3618,KJAC,6300,150,ASP,1,0,01,19
242209,3619,KJAN,8500,150,ASP,1,0,16L,34R
242208,3619,KJAN,8500,150,ASP,1,0,16R,34L
243903,3620,KJAX,10000,150,CON,1,0,08,26
243904,3620,KJAX,7701,150,CON,1,0,14,32
242314,3621,KJBR,6200,150,ASP,1,0,05,23
242315,3621,KJBR,4099,150,ASP,1,0,13,31
244968,3622,KJFK,12079,200,PEM,1,0,04L,22R
244967,3622,KJFK,8400,200,ASP,1,0,04R,22L
244970,3622,KJFK,10000,200,PEM,1,0,13L,31R
244969,3622,KJFK,14511,200,PEM,1,0,13R,31L
242827,3623,KJLN,3604,75,ASP,1,1,05,23
242828,3623,KJLN,6501,150,ASP,1,0,13,31
242829,3623,KJLN,6502,100,ASP,1,0,18,36
242603,3624,KJMS,5750,75,ASP,1,0,04,22
242604,3624,KJMS,6502,100,ASP,1,0,13,31
239730,20220,KJQF,7402,100,ASP,1,0,02,20
242978,3625,KJST,4387,100,ASP,1,0,05,23
242979,3625,KJST,3700,100,ASP,0,1,10,28
242980,3625,KJST,7004,150,ASP,1,0,15,33
244741,3627,KLAF,4225,100,ASP,1,0,05,23
244742,3627,KLAF,6600,150,ASP,1,0,10,28
242495,3628,KLAL,5000,150,ASP,1,0,05,23
242496,3628,KLAL,8500,150,ASP,1,0,10,28
241660,3629,KLAN,5003,120,PEM,1,0,06,24
241662,3629,KLAN,3601,75,ASP,1,0,10L,28R
241661,3629,KLAN,8506,150,ASP,1,0,10R,28L
241611,3630,KLAR,8503,150,ASP,1,0,03,21
241612,3630,KLAR,6301,100,ASP,1,0,12,30
245934,3631,KLAS,9770,150,CON,1,0,01L,19R
245933,3631,KLAS,9769,150,ASP,1,0,01R,19L
245936,3631,KLAS,14835,150,ASP,1,0,08L,26R
245935,3631,KLAS,10526,150,ASP,1,0,08R,26L
240442,20319,KLAW,8599,150,CON,1,0,17,35
240920,3632,KLAX,8926,150,CON,1,0,6L,24R
240919,3632,KLAX,10859,150,CON,1,0,6R,24L
240922,3632,KLAX,12894,150,CON,1,0,7L,25R
240921,3632,KLAX,11095,200,CON,1,0,7R,25L
245365,3633,KLBB,8003,150,CON,1,0,08,26
245367,3633,KLBB,2891,74,ASP,0,0,17L,35R
245366,3633,KLBB,11500,150,CON,1,0,17R,35L
243454,3634,KLBE,8222,150,ASP,1,0,06,24
243453,3634,KLBE,3596,75,ASP,1,1,3,21
241259,3635,KLBF,8001,150,CON,1,0,12,30
241260,3635,KLBF,4436,100,ASP,1,0,17,35
247369,3636,KLBL,5000,75,CONC-F,0,0,04,22
243432,3636,KLBL,7105,100,ASP,1,0,17,35
241248,3637,KLCH,5200,100,ASP,1,0,05,23
241249,3637,KLCH,6500,150,CON,1,0,15,33
243464,3638,KLCK,11902,150,ASP,1,0,05L,23R
243463,3638,KLCK,12103,200,PEM,1,0,05R,23L
243465,3638,KLCK,3244,60,ASP,0,1,06,24
244507,3639,KLEB,5496,100,ASP,1,0,07,25
244508,3639,KLEB,5200,100,ASP,1,0,18,36
245524,3640,KLEX,7004,150,ASP,1,0,04,22
336498,3640,KLEX,4000,75,concrete,1,0,09,27
240979,3642,KLFT,4098,75,ASP,1,0,04L,22R
240978,3642,KLFT,8000,150,ASP,1,0,04R,22L
240980,3642,KLFT,5403,150,ASP,0,0,11,29
243692,3643,KLGA,7002,150,ASP,1,0,04,22
243693,3643,KLGA,7002,150,ASP,1,0,13,31
333613,3643,KLGA,60,60,ASP,0,1,H1,H1
242235,3644,KLGB,6192,150,ASP,1,0,08L,26R
242234,3644,KLGB,3918,100,ASP,1,0,08R,26L
242236,3644,KLGB,10000,200,ASP,1,0,12,30
242238,3644,KLGB,4267,75,ASP,0,1,16L,34R
242237,3644,KLGB,4470,75,ASP,1,1,16R,34L
243266,3645,KLIT,8273,150,CON,1,0,04L,22R
243265,3645,KLIT,8251,150,CON,1,0,04R,22L
243267,3645,KLIT,6224,150,CON,1,0,18,36
241652,3647,KLNK,8649,150,PEM,1,0,14,32
241653,3647,KLNK,5801,100,PEM,1,0,17,35
241654,3647,KLNK,12901,200,PEM,1,0,18,36
245503,3648,KLNS,6933,150,ASP,1,0,08,26
245504,3648,KLNS,4102,100,ASP,1,0,13,31
243626,3651,KLRD,5927,150,CON,1,0,14,32
243628,3651,KLRD,8236,150,CON,1,0,18L,36R
243627,3651,KLRD,8743,150,ASP,1,0,18R,36L
241366,3653,KLRU,7501,105,ASP,1,0,04,22
241367,3653,KLRU,6069,100,ASP,1,0,08,26
241368,3653,KLRU,7506,100,ASP,1,0,12,30
241649,3654,KLSE,5199,150,ASP,1,0,04,22
241650,3654,KLSE,6050,150,ASP,1,0,13,31
241651,3654,KLSE,8742,150,CON,1,0,18,36
243546,3659,KLUK,3802,100,ASP,1,0,03L,21R
243545,3659,KLUK,6101,150,ASP,1,0,03R,21L
243547,3659,KLUK,5127,100,ASP,1,0,07,25
240363,20390,KLWB,7003,150,ASP,1,0,04,22
244552,20393,KLWS,6511,150,ASP,1,0,08,26
244553,20393,KLWS,5003,75,ASPH-G,1,0,12,30
241015,3662,KLYH,7100,150,ASP,1,0,04,22
241016,3662,KLYH,3386,75,ASP,1,0,17,35
243109,3663,KMAF,4605,75,ASP,1,0,04,22
243110,3663,KMAF,8302,150,ASP,1,0,10,28
243112,3663,KMAF,4247,100,ASP,1,0,16L,34R
243111,3663,KMAF,9501,150,ASP,1,0,16R,34L
244601,20475,KMBL,2721,75,ASP,1,0,01,19
244600,20475,KMBL,5501,100,ASP,1,0,10,28
242882,3664,KMBS,8002,150,ASP,1,0,05,23
242883,3664,KMBS,6399,150,ASP,1,0,14,32
241452,20480,KMCE,5914,150,ASP,1,0,12,30
240448,3668,KMCI,10801,150,CON,1,0,01L,19R
240447,3668,KMCI,9500,150,CON,1,0,01R,19L
240449,3668,KMCI,9501,150,ASP,1,0,09,27
252735,20481,KMCK,4000,75,CONC-G,0,0,04,22
241890,20481,KMCK,6450,100,CON,1,0,12,30
241891,20481,KMCK,1330,160,GRS,0,0,17,35
244489,3669,KMCN,6500,150,ASP,1,0,05,23
244490,3669,KMCN,5000,150,ASP,1,0,14,32
245952,3670,KMCO,9001,150,ASP,1,0,17L,35R
245951,3670,KMCO,10000,150,CON,1,0,17R,35L
245954,3670,KMCO,12005,200,PEM,1,0,18L,36R
245953,3670,KMCO,12004,200,CON,1,0,18R,36L
245315,20482,KMCW,5502,150,ASP,1,0,12,30
245316,20482,KMCW,6501,150,ASP,1,0,18,36
241647,3672,KMDT,10001,200,ASP,1,0,13,31
244434,3673,KMDW,5507,150,ASP,1,0,04L,22R
244433,3673,KMDW,6445,150,PEM,1,0,04R,22L
244435,3673,KMDW,6522,150,CON,1,0,13L,31R
244437,3673,KMDW,5141,150,ASP,1,1,13LC,31RC
244436,3673,KMDW,3859,60,CON,1,0,13R,31L
243690,3674,KMEI,10003,150,ASP,1,0,01,19
243691,3674,KMEI,5052,150,ASP,1,0,04,22
240800,3675,KMEM,8946,150,ASP,1,0,09,27
240801,3675,KMEM,11120,150,CON,1,0,18C,36C
240803,3675,KMEM,9000,150,CON,1,0,18L,36R
240802,3675,KMEM,9320,150,CON,1,0,18R,36L
245349,3678,KMFE,7120,150,ASP,1,0,13,31
245350,3678,KMFE,2639,60,ASP,1,0,18,36
243003,3679,KMFR,3136,100,ASP,1,1,09,27
243004,3679,KMFR,8800,150,ASP,1,0,14,32
239884,20498,KMGC,4099,75,ASP,1,0,02,20
245345,3681,KMGM,4011,150,ASP,1,0,03,21
245346,3681,KMGM,9020,150,ASP,1,0,10,28
243373,3682,KMGW,2769,75,ASP,1,1,05,23
243374,3682,KMGW,5199,150,ASP,1,0,18,36
355024,3682,KMGW,2769,75,ASP,0,1,5,23
240995,3683,KMHK,7400,150,CON,1,0,03,21
240996,3683,KMHK,5001,75,PEM,1,0,13,31
576812,3684,KMHT,7651,150,ASP,1,0,06,24
576813,3684,KMHT,9250,150,ASP,1,0,17,35
242150,3685,KMIA,8600,150,ASP,1,0,08L,26R
242149,3685,KMIA,10506,200,ASP,1,0,08R,26L
242151,3685,KMIA,13016,150,ASP,1,0,09,27
242152,3685,KMIA,9360,150,ASP,1,0,12,30
243985,3690,KMKE,9990,200,PEM,1,0,01L,19R
243984,3690,KMKE,4182,150,ASP,1,0,01R,19L
243987,3690,KMKE,4797,100,ASP,1,0,07L,25R
243986,3690,KMKE,8300,150,PEM,1,0,07R,25L
243988,3690,KMKE,5537,150,ASP,1,0,13,31
242193,3691,KMKG,6500,150,ASP,1,0,06,24
242194,3691,KMKG,6100,150,ASP,1,0,14,32
243796,3692,KMKL,6005,150,ASP,1,0,02,20
243797,3692,KMKL,3539,100,ASP,1,0,11,29
243420,3693,KMLB,3001,75,ASP,1,0,05,23
243422,3693,KMLB,6000,150,ASP,1,0,09L,27R
243421,3693,KMLB,10181,150,ASP,1,0,09R,27L
239959,3695,KMLI,3514,150,ASP,1,0,05,23
239960,3695,KMLI,10002,150,PEM,1,0,09,27
239961,3695,KMLI,7301,150,PEM,1,0,13,31
244202,3697,KMLU,7504,150,PEM,1,0,04,22
244203,3697,KMLU,6301,150,ASP,1,0,14,32
244204,3697,KMLU,5001,150,ASP,0,1,18,36
245856,20527,KMMH,7000,100,ASP,1,0,09,27
244782,3700,KMOB,8502,150,ASP,1,0,15,33
244783,3700,KMOB,4376,150,ASP,1,0,18,36
241076,3702,KMOT,6348,100,ASP,1,0,08,26
241077,3702,KMOT,7700,150,CON,1,0,13,31
244399,3705,KMRY,3503,60,ASP,1,0,10L,28R
244398,3705,KMRY,7175,150,ASP,1,0,10R,28L
241757,3706,KMSL,6693,150,ASP,1,0,11,29
241758,3706,KMSL,4000,100,ASP,1,0,18,36
240455,3707,KMSN,7200,150,CON,1,0,03,21
240456,3707,KMSN,5846,150,CON,1,0,14,32
240457,3707,KMSN,9006,150,CON,1,0,18,36
245274,3708,KMSO,4612,75,ASP,0,1,08,26
245275,3708,KMSO,9501,150,ASP,1,0,12,30
245737,3709,KMSP,11006,150,CON,1,0,04,22
245739,3709,KMSP,8200,150,PEM,1,0,12L,30R
245738,3709,KMSP,10000,200,PEM,1,0,12R,30L
245740,3709,KMSP,8000,150,CON,1,0,17,35
241684,3710,KMSS,5601,100,ASP,1,0,05,23
241685,3710,KMSS,4000,100,ASP,1,0,09,27
245800,3711,KMSY,7002,150,ASP,1,0,02,20
245801,3711,KMSY,3570,150,ASP,1,1,06,24
245802,3711,KMSY,10104,150,PEM,1,0,11,29
244569,20565,KMTJ,7510,100,ASP,1,0,13,31
244570,20565,KMTJ,10000,150,ASP,1,0,17,35
243788,20567,KMTP,3246,75,ASP,1,0,06,24
245076,20578,KMVY,3177,75,ASP,0,1,01,19
245077,20578,KMVY,5504,100,ASP,1,0,06,24
245078,20578,KMVY,3327,75,ASP,1,0,15,33
240378,20579,KMWA,8012,150,ASP,1,0,02,20
240379,20579,KMWA,4997,100,ASP,1,0,11,29
244643,20583,KMWL,5996,100,ASP,1,0,13,31
244644,20583,KMWL,4188,100,ASP,1,0,17,35
241695,20591,KMYL,6101,75,ASP,1,0,16,34
241262,3717,KMYR,9503,150,ASP,1,0,18,36
242343,3961,KNYL,13300,200,CON,1,0,03L,21R
242342,3961,KNYL,9240,150,PEM,1,0,03R,21L
242344,3961,KNYL,6146,150,PEM,1,0,08,26
242345,3961,KNYL,5710,150,PEM,1,1,17,35
245360,20709,KOAJ,7100,150,ASP,1,0,05,23
240401,3744,KOAK,5457,150,ASP,1,0,10L,28R
240400,3744,KOAK,6213,150,ASP,1,0,10R,28L
240402,3744,KOAK,10520,150,ASP,1,0,12,30
240403,3744,KOAK,3376,75,ASP,1,0,15,33
242782,3746,KOGD,8107,150,ASP,1,0,03,21
242783,3746,KOGD,5600,150,ASP,1,1,07,25
242784,3746,KOGD,5195,100,ASP,1,0,17,35
244135,20727,KOGS,6400,150,ASP,1,0,09,27
245813,3747,KOKC,7800,150,PEM,1,0,13,31
245815,3747,KOKC,9802,150,CON,1,0,17L,35R
245814,3747,KOKC,9801,150,CON,1,0,17R,35L
245816,3747,KOKC,3079,75,ASP,1,0,18,36
241668,20739,KOLF,5091,100,ASP,1,0,11,29
242190,3749,KOLM,4157,150,ASP,0,0,08,26
242191,3749,KOLM,5500,150,ASP,1,0,17,35
240420,3751,KOMA,8500,150,CON,1,0,14L,32R
240419,3751,KOMA,9502,150,PEM,1,0,14R,32L
240421,3751,KOMA,8154,150,PEM,1,0,18,36
244218,3752,KONT,12197,150,CON,1,0,08L,26R
244217,3752,KONT,10200,150,CON,1,0,08R,26L
244908,20757,KOPF,8002,150,ASP,1,0,09L,27R
244907,20757,KOPF,4309,100,ASP,1,0,09R,27L
244909,20757,KOPF,6800,150,ASP,1,0,12,30
245379,3754,KORD,7500,150,ASP,1,0,04L,22R
245378,3754,KORD,8075,150,ASP,1,0,04R,22L
341154,3754,KORD,11245,200,concrete,1,0,09C,27C
245381,3754,KORD,7500,150,ASP,1,0,09L,27R
245380,3754,KORD,11260,150,ASP,1,0,09R,27L
313229,3754,KORD,10800,200,CON,1,0,10C,28C
250468,3754,KORD,13000,150,CON,1,0,10L,28R
351832,3754,KORD,7500,150,CONCRETE,1,0,10R,28L
245383,3754,KORD,10005,150,ASP,1,1,14L,32R
245382,3754,KORD,9686,200,ASP,1,1,15,33
245384,3754,KORD,5332,150,ASP,1,1,18,36
242513,3755,KORF,9001,150,ASP,1,0,05,23
242514,3755,KORF,4876,150,ASP,1,0,14,32
242172,3756,KORH,7001,150,ASP,1,0,11,29
242173,3756,KORH,5000,100,ASP,1,0,15,33
252804,23952,KORS,2901,60,ASPH-G,0,0,16,34
242691,3759,KOTH,5980,150,ASP,1,0,05,23
242692,3759,KOTH,4470,150,ASP,1,0,13,31
243877,3761,KOWB,5000,100,ASP,1,0,06,24
243878,3761,KOWB,8000,150,concrete/grooved,1,0,18,36
243992,20781,KOXB,3204,75,PEM,1,0,02,20
243993,20781,KOXB,4074,75,PEM,1,0,14,32
245252,3763,KPAE,4514,75,ASP,1,1,11,29
245254,3763,KPAE,3004,75,ASP,1,0,16L,34R
245253,3763,KPAE,9010,150,ASP,1,0,16R,34L
243218,3764,KPAH,6499,150,ASP,1,0,04,22
243219,3764,KPAH,5499,150,ASP,1,0,14,32
244688,20808,KPBG,11759,200,CON,1,0,17,35
244100,3766,KPBI,10001,150,ASPH-G,1,0,10L,28R
244099,3766,KPBI,3214,75,ASPH-G,1,0,10R,28L
244101,3766,KPBI,6931,150,ASPH-G,1,0,14,32
240102,20812,KPCW,5646,100,ASP,1,0,09,27
240103,20812,KPCW,4002,75,ASP,1,0,18,36
245268,3767,KPDK,3383,150,ASP,1,1,09,27
245269,3767,KPDK,3968,150,ASP,1,0,16,34
245267,3767,KPDK,3746,150,ASP,1,0,3L,21R
245266,3767,KPDK,6001,100,CON,1,0,3R,21L
543158,3767,KPDK,56,56,CON,1,0,H1,
242101,20815,KPDT,6301,150,ASP,1,0,08,26
242102,20815,KPDT,4808,100,ASP,1,0,11,29
242103,20815,KPDT,4341,60,ASP,0,1,16,34
244054,3768,KPDX,9825,150,ASP,1,0,10L,28R
244053,3768,KPDX,11000,150,ASP,1,0,10R,28L
244052,3768,KPDX,6000,150,ASP,1,0,3,21
245890,20821,KPGA,2201,75,ASP,0,0,07,25
245891,20821,KPGA,5950,150,ASP,1,0,15,33
254614,20822,KPGD,7193,150,ASPH-G,0,0,04,22
243187,20822,KPGD,2636,60,ASP,0,0,09,27
243188,20822,KPGD,6286,150,ASP,1,0,15,33
242611,20824,KPGV,7175,150,ASP,1,0,02,20
242612,20824,KPGV,4997,150,ASP,1,0,08,26
242613,20824,KPGV,2687,150,ASP,0,1,15,33
242823,3770,KPHF,6526,150,CON,1,0,02,20
242824,3770,KPHF,8003,150,CON,1,0,07,25
244467,3771,KPHL,5001,150,ASP,1,0,08,26
244469,3771,KPHL,9500,150,ASP,1,0,09L,27R
244468,3771,KPHL,12000,200,ASP,1,0,09R,27L
244470,3771,KPHL,6500,150,ASP,1,0,17,35
240569,3772,KPHX,10300,150,ASP,1,0,07L,25R
240568,3772,KPHX,7800,150,CON,1,0,07R,25L
240570,3772,KPHX,11489,150,CON,1,0,08,26
240100,3773,KPIA,8004,150,ASP,1,0,04,22
240101,3773,KPIA,10104,150,CON,1,0,13,31
245306,3774,KPIB,6503,150,ASP,1,0,18,36
242595,3775,KPIE,6000,150,ASP,1,0,04,22
242596,3775,KPIE,5165,150,ASP,1,1,09,27
242598,3775,KPIE,8800,150,ASP,1,1,17L,35R
242597,3775,KPIE,4000,75,ASP,1,1,17R,35L
333327,3775,KPIE,9730,150,concrete,1,0,18,36
245938,3776,KPIH,9059,150,ASP,1,0,03,21
245939,3776,KPIH,7150,100,ASP,1,0,17,35
242889,3777,KPIR,6880,100,ASP,1,0,07,25
242890,3777,KPIR,6900,100,ASP,1,0,13,31
242074,3778,KPIT,10775,150,PEM,1,0,10C,28C
242076,3778,KPIT,10502,150,PEM,1,0,10L,28R
242075,3778,KPIT,11500,200,CON,1,0,10R,28L
242077,3778,KPIT,8101,150,CON,1,0,14,32
243105,3779,KPKB,7240,150,ASP,1,0,03,21
243106,3779,KPKB,4002,150,ASP,1,0,10,28
242429,3781,KPLN,5401,150,ASP,1,0,05,23
242430,3781,KPLN,6513,150,ASP,1,0,14,32
242026,3783,KPNS,7000,150,ASP,1,0,08,26
242027,3783,KPNS,7004,150,ASP,1,0,17,35
241432,3787,KPQI,7441,150,ASP,1,0,01,19
241433,3787,KPQI,6000,100,ASP,1,0,10,28
240177,3789,KPRC,4395,60,ASP,1,0,03L,21R
240176,3789,KPRC,7619,150,ASP,1,0,03R,21L
240178,3789,KPRC,4408,75,ASP,1,0,12,30
243330,20870,KPSC,7707,150,ASP,1,0,03L,21R
243329,20870,KPSC,4423,75,ASP,0,0,03R,21L
243331,20870,KPSC,7704,150,ASP,1,0,12,30
244494,3791,KPSM,11321,150,PEM,1,0,16,34
245498,3792,KPSP,4953,75,ASP,1,0,13L,31R
245497,3792,KPSP,10000,150,ASP,1,0,13R,31L
241424,3794,KPUB,4690,75,ASP,1,0,08L,26R
241423,3794,KPUB,10498,150,ASP,0,0,08R,26L
241425,3794,KPUB,8268,150,ASP,0,1,12,30
241426,3794,KPUB,8310,150,ASP,1,0,17,35
242716,20883,KPUW,7100,150,ASP,1,0,05,23
242989,3795,KPVD,8700,150,ASP,1,0,05,23
242990,3795,KPVD,6081,150,ASP,1,0,16,34
245690,20890,KPVU,8603,150,ASP,1,0,13,31
245691,20890,KPVU,6628,150,ASP,1,0,18,36
245809,3796,KPWM,7200,150,ASP,1,0,11,29
245810,3796,KPWM,6100,150,ASP,1,0,18,36
243538,3838,KRAP,3601,75,ASP,1,0,05,23
243539,3838,KRAP,8701,150,CON,1,0,14,32
245865,3841,KRDD,5067,150,ASP,1,0,12,30
245866,3841,KRDD,7003,150,ASP,1,0,16,34
245832,3843,KRDM,7038,150,ASP,1,0,05,23
245833,3843,KRDM,7006,100,ASP,1,0,11,29
242724,3844,KRDU,10000,150,CON,1,0,05L,23R
242723,3844,KRDU,7500,150,ASP,1,0,05R,23L
242725,3844,KRDU,3570,100,ASP,1,0,14,32
243205,3845,KRFD,8200,150,ASP,1,0,01,19
243206,3845,KRFD,10002,150,PEM,1,0,07,25
242897,3846,KRHI,5600,100,ASP,0,1,05,23
242898,3846,KRHI,6800,150,CON,1,0,09,27
242899,3846,KRHI,5201,100,ASP,1,0,15,33
242481,3847,KRIC,6607,150,ASP,1,0,02,20
242482,3847,KRIC,5326,100,ASP,1,1,07,25
242483,3847,KRIC,9003,150,ASP,1,0,16,34
242009,20933,KRIW,4800,75,ASP,1,0,01,19
242010,20933,KRIW,8204,150,ASP,1,0,10,28
245487,20935,KRKD,4000,100,ASP,1,0,03,21
245488,20935,KRKD,5412,100,ASP,1,0,13,31
245347,3850,KRKS,5228,75,ASP,1,0,03,21
245348,3850,KRKS,10002,150,ASP,1,0,09,27
245056,3853,KRNO,6102,150,CON,1,0,08,26
245058,3853,KRNO,9000,150,CON,1,0,17L,35R
245057,3853,KRNO,11001,150,CON,1,0,17R,35L
243346,3854,KROA,6800,150,ASPH-G,1,0,06,24
243347,3854,KROA,5810,150,ASPH-G,1,0,16,34
242658,3855,KROC,8001,150,ASP,1,0,04,22
242659,3855,KROC,4000,100,ASP,1,0,07,25
242660,3855,KROC,6402,150,ASP,1,0,10,28
244233,3856,KROW,13000,150,PEM,1,0,03,21
244234,3856,KROW,7425,200,PEM,0,1,12,30
244235,3856,KROW,10008,100,ASP,1,0,17,35
244418,3857,KRST,7301,150,CON,1,0,03,21
244419,3857,KRST,9034,150,CON,1,0,13,31
244927,3858,KRSW,12000,150,ASP,1,0,06,24
241711,3859,KRUT,5304,100,ASP,1,0,01,19
241712,3859,KRUT,3169,75,ASP,1,0,13,31
244787,21033,KSAF,8366,150,ASP,1,0,02,20
244788,21033,KSAF,6301,75,ASP,0,0,10,28
244789,21033,KSAF,6316,100,ASP,1,0,15,33
244186,3862,KSAN,9401,200,ASP,1,0,09,27
242646,3863,KSAT,8505,150,CON,1,0,04,22
242648,3863,KSAT,5519,100,ASP,1,0,13L,31R
242647,3863,KSAT,8502,150,CON,1,0,13R,31L
250942,3864,KSAV,7002,150,CONC-G,0,0,01,19
250943,3864,KSAV,9351,150,CONC-G,0,0,10,28
243471,3865,KSAW,9072,150,PEM,1,0,01,19
245674,3866,KSBA,6037,150,ASP,1,0,07,25
245676,3866,KSBA,4190,75,ASP,0,0,15L,33R
245675,3866,KSBA,4190,100,ASP,1,0,15R,33L
242419,3867,KSBD,10000,200,CON,1,0,06,24
243167,3868,KSBN,4300,75,ASP,1,0,09L,27R
243166,3868,KSBN,8412,150,ASP,1,0,09R,27L
243168,3868,KSBN,7101,150,ASP,1,0,18,36
240432,3869,KSBP,2500,100,ASP,0,0,07,25
240433,3869,KSBP,6101,150,ASP,1,0,11,29
242995,3870,KSBY,5000,100,ASP,1,0,05,23
242996,3870,KSBY,6400,100,PEM,1,0,14,32
245048,3872,KSCK,10245,150,ASP,1,0,11L,29R
245047,3872,KSCK,4448,75,ASP,0,0,11R,29L
245244,3873,KSDF,7251,150,CON,1,0,11,29
245246,3873,KSDF,8578,150,CON,1,0,17L,35R
245245,3873,KSDF,11887,150,CON,1,0,17R,35L
242850,21046,KSDY,5705,100,ASP,1,0,01,19
242851,21046,KSDY,4024,100,ASP,1,0,11,29
254330,3875,KSEA,9426,150,PEM,1,0,16C,34C
242182,3875,KSEA,11901,150,PEM,1,0,16L,34R
242181,3875,KSEA,8500,150,PEM,1,0,16R,34L
302282,3875,KSEA,,,,1,1,lower,high
242038,3876,KSFB,3578,75,ASP,1,0,09C,27C
242040,3876,KSFB,11002,150,ASP,1,0,09L,27R
242039,3876,KSFB,5839,75,ASP,1,0,09R,27L
242041,3876,KSFB,6002,150,PEM,1,0,18,36
240772,3878,KSFO,11870,200,ASP,1,0,10L,28R
240771,3878,KSFO,11381,200,ASP,1,0,10R,28L
240770,3878,KSFO,7650,200,ASP,1,0,1L,19R
240769,3878,KSFO,8660,200,ASP,1,0,1R,19L
241331,3879,KSGF,7003,150,CON,1,0,02,20
241332,3879,KSGF,8000,150,PEM,1,0,14,32
245386,21061,KSGJ,2609,75,ASP,1,0,02,20
245387,21061,KSGJ,2701,60,ASP,1,0,06,24
251636,21061,KSGJ,5000,1000,WATER,0,0,12W,30W
245388,21061,KSGJ,8001,150,ASP,1,0,13,31
245389,21061,KSGJ,4001,150,ASP,0,1,16,34
251637,21061,KSGJ,12000,1000,WATER,0,0,17W,35W
251638,21061,KSGJ,12000,500,WATER,0,0,18W,36W
340164,21065,KSGU,9300,150,ASP,1,0,1,19
241524,21066,KSHD,6002,150,ASP,1,0,05,23
244839,3881,KSHR,5039,75,ASP,1,0,06,24
244840,3881,KSHR,6648,150,ASP,0,1,13,31
244841,3881,KSHR,8301,100,ASP,1,0,15,33
242502,3882,KSHV,7003,150,ASP,1,0,06,24
242503,3882,KSHV,8348,200,ASP,1,0,14,32
244444,3883,KSJC,4599,100,ASP,1,1,11,29
244446,3883,KSJC,11000,150,CON,1,0,12L,30R
244445,3883,KSJC,11000,150,CON,1,0,12R,30L
243879,3884,KSJT,5940,150,ASP,1,0,03,21
243880,3884,KSJT,4406,75,ASP,1,0,09,27
243881,3884,KSJT,8054,150,ASP,1,0,18,36
241499,21074,KSJX,2054,120,GRS,0,0,05,23
241500,21074,KSJX,4299,75,ASP,1,0,09,27
241501,21074,KSJX,3278,120,GRS,0,0,14,32
241623,21076,KSKX,5504,75,ASP,1,0,04,22
241552,3887,KSLC,4893,150,ASP,1,0,14,32
241554,3887,KSLC,12002,150,ASP,1,0,16L,34R
241553,3887,KSLC,12000,150,CON,1,0,16R,34L
241555,3887,KSLC,9596,150,ASP,1,0,17,35
242289,3888,KSLE,5811,150,ASP,1,0,13,31
242290,3888,KSLE,5146,100,ASP,1,0,16,34
242689,3890,KSLK,6573,150,ASP,1,0,05,23
242690,3890,KSLK,3997,100,ASP,1,0,09,27
243504,3891,KSLN,3648,75,ASP,0,0,04,22
243505,3891,KSLN,6510,100,ASP,1,0,12,30
243506,3891,KSLN,12301,150,ASP,1,0,17,35
243507,3891,KSLN,4301,75,ASP,0,0,18,36
245194,3892,KSMF,8605,150,CON,1,0,17L,35R
245193,3892,KSMF,8598,150,CON,1,0,17R,35L
241419,21086,KSMN,5510,75,ASP,1,0,17,35
244376,3893,KSMX,5199,75,ASP,0,0,02,20
244377,3893,KSMX,8004,150,ASP,1,0,12,30
245859,3894,KSNA,5700,150,ASP,1,0,02L,20R
245858,3894,KSNA,2886,75,ASP,1,0,02R,20L
244522,21097,KSOW,3938,60,ASP,0,0,04,22
244523,21097,KSOW,7202,100,ASP,1,0,07,25
242891,3897,KSPI,8001,150,CON,1,0,04,22
242892,3897,KSPI,7399,150,ASP,1,0,13,31
242893,3897,KSPI,5300,150,PEM,1,0,18,36
243540,3898,KSPS,10003,150,PEM,1,0,15C,33C
243542,3898,KSPS,6000,150,PEM,1,0,15L,33R
243541,3898,KSPS,13100,300,CON,1,0,15R,33L
243543,3898,KSPS,7021,150,ASP,1,0,17,35
239757,21105,KSQL,2621,75,ASP,1,0,12,30
244056,3899,KSRQ,5006,150,ASP,1,0,04,22
244057,3899,KSRQ,9500,150,ASP,1,0,14,32
242266,3903,KSTC,3000,75,ASP,1,0,05,23
242267,3903,KSTC,7500,150,CON,1,0,13,31
243530,3905,KSTL,7603,150,CON,1,0,06,24
243531,3905,KSTL,9000,150,CON,1,0,11,29
243533,3905,KSTL,9013,150,CON,1,0,12L,30R
243532,3905,KSTL,11020,200,CON,1,0,12R,30L
243495,21114,KSTS,5202,100,ASP,1,0,02,20
243496,21114,KSTS,6000,150,ASP,1,0,14,32
240689,21118,KSUN,7550,100,ASP,1,0,13,31
244484,3909,KSUX,9002,150,CON,1,0,13,31
244485,3909,KSUX,6600,150,ASP,1,0,17,35
241942,21121,KSVC,4537,80,GRE,0,0,03,21
241943,21121,KSVC,6803,100,ASP,1,0,08,26
241944,21121,KSVC,4675,75,GRE,0,0,12,30
241945,21121,KSVC,5473,75,GRE,0,0,17,35
243286,3911,KSWF,11817,150,ASP,1,0,09,27
243287,3911,KSWF,6004,150,ASP,1,0,16,34
243906,3912,KSWO,5002,75,ASP,1,0,04,22
243907,3912,KSWO,5003,150,CON,0,1,13,31
243908,3912,KSWO,7401,100,ASP,1,0,17,35
244404,3913,KSYR,3261,150,CON,0,1,06,24
244405,3913,KSYR,9013,150,ASP,1,0,10,28
244406,3913,KSYR,7499,150,ASP,1,0,15,33
243340,3915,KTBN,6037,150,ASP,1,0,15,33
242706,3920,KTEB,6997,150,ASP,1,0,1,19
242707,3920,KTEB,6014,150,ASP,1,0,6,24
243888,21188,KTEX,7111,100,ASP,1,0,09,27
241375,3922,KTIW,5002,100,ASP,1,0,17,35
243700,3924,KTLH,8000,150,ASP,1,0,09,27
243701,3924,KTLH,7000,150,ASP,1,0,18,36
239827,3925,KTOL,10600,150,ASP,1,0,07,25
239828,3925,KTOL,5599,150,ASP,1,0,16,34
243029,3926,KTPA,6999,150,PEM,1,0,10,28
243031,3926,KTPA,8300,150,PEM,1,0,19L,01R
243030,3926,KTPA,11002,150,CON,1,0,19R,01L
241224,3928,KTRI,8000,150,ASP,1,0,05,23
241225,3928,KTRI,4443,150,ASP,1,0,09,27
240909,21220,KTRK,4650,75,ASP,1,0,02,20
240910,21220,KTRK,7001,100,ASP,1,0,11,29
240205,3929,KTTN,6006,150,ASP,1,0,06,24
240206,3929,KTTN,4800,150,ASP,1,0,16,34
245713,3930,KTUL,7376,150,CON,1,0,08,26
245715,3930,KTUL,10000,150,CON,1,0,18L,36R
245714,3930,KTUL,6101,100,ASP,1,0,18R,36L
242116,3931,KTUP,7150,150,ASP,1,0,18,36
242912,3932,KTUS,7000,150,ASP,1,0,04,22
242914,3932,KTUS,8408,75,ASP,1,1,11R,29L
242913,3932,KTUS,10996,150,ASP,1,0,12,30
242058,3933,KTVC,3204,75,ASP,0,1,05,23
242059,3933,KTVC,7016,150,ASP,1,0,10,28
242060,3933,KTVC,5378,150,ASP,1,0,18,36
245170,21232,KTVF,4997,75,ASP,1,1,03,21
245171,21232,KTVF,6504,150,ASP,1,0,13,31
244593,3935,KTWF,8704,150,ASP,1,0,08,26
244594,3935,KTWF,3224,75,ASP,0,0,12,30
244682,3936,KTXK,6602,150,ASP,1,0,04,22
244683,3936,KTXK,5200,100,ASP,1,0,13,31
245633,3937,KTYR,8334,150,ASP,1,0,04,22
245634,3937,KTYR,5198,150,ASP,1,0,13,31
245635,3937,KTYR,4832,150,ASP,1,0,18,36
243473,3938,KTYS,10000,150,CON,1,0,05L,23R
243472,3938,KTYS,9000,150,ASP,1,0,05R,23L
245431,3940,KUIN,7098,150,PEM,1,0,04,22
245432,3940,KUIN,5397,150,ASP,1,0,13,31
245433,3940,KUIN,5399,150,CON,1,0,18,36
243589,21300,KUNV,6701,150,ASP,1,0,06,24
240621,21305,KUUU,2999,75,ASP,1,0,04,22
240622,21305,KUUU,2623,75,ASP,1,0,16,34
242952,3945,KVCT,4200,75,ASP,0,1,06,24
242953,3945,KVCT,4643,150,CON,0,1,12R,30L
242954,3945,KVCT,9111,150,ASP,1,0,13,31
242955,3945,KVCT,4908,75,ASP,1,0,18,36
243091,21318,KVEL,4108,60,ASP,1,1,07,25
243092,21318,KVEL,7000,100,ASP,1,0,17,35
243590,3946,KVLD,5598,100,ASP,1,0,04,22
243591,3946,KVLD,3636,75,ASP,1,1,13,31
243592,3946,KVLD,8003,150,ASP,1,0,18,36
245911,3948,KVPS,10012,300,ASP,1,0,02,20
245912,3948,KVPS,12004,300,ASP,1,0,12,30
243598,3950,KVRB,4974,100,ASP,1,0,04,22
243600,3950,KVRB,3505,75,ASP,1,0,12L,30R
243599,3950,KVRB,7314,100,ASP,1,0,12R,30L
242636,21382,KWST,4010,100,ASP,1,0,07,25
242637,21382,KWST,3960,75,ASP,1,0,14,32
576811,3955,KWYS,8400,150,ASP,1,0,01,19
239804,21410,KXNA,8801,150,CON,1,0,16L,34R
352762,21410,KXNA,8800,150,concrete,1,0,16R,34L
332440,324440,KXWA,7503,150,CON,1,0,14,32
241645,3958,KYKM,3835,150,ASP,1,0,04,22
241646,3958,KYKM,7604,150,ASP,1,0,09,27
251611,22655,MYK,2700,100,TURF-GRVL-F,0,0,13,31
253428,13527,OLH,2750,60,GRAVEL-G,0,0,03,21
251613,23950,ORI,2200,75,GRAVEL-G,0,0,07,25
253889,16190,PAAK,4500,100,ASPH-E,1,0,16,34
247337,5337,PABA,4500,100,GRAVEL-P,0,0,07,25
270892,5338,PABE,6400,150,ASPH-F,1,0,01L,19R
270893,5338,PABE,4000,75,ASPH-G,0,0,01R,19L
270894,5338,PABE,1858,75,GRVL-G,1,0,12,30
254135,5340,PABL,3200,75,GRVL-G,0,0,11,29
242079,5342,PABR,7100,150,ASP,1,0,08,26
239671,5343,PABT,5190,150,GVL,1,0,01,19
245710,5345,PACD,4900,150,ASP,1,0,08,26
245711,5345,PACD,10179,150,ASP,1,0,15,33
252003,16709,PACE,2782,60,GRVL-P,0,0,07,25
253659,16714,PACI,4000,75,GRVL-G,1,0,04,22
333989,16711,PACK,3720,150,GVL,0,1,15,33
249774,16711,PACK,3230,60,GRVL,1,0,16,34
253431,5347,PACM,10000,500,WATER-E,0,1,04W,22W
239708,5347,PACM,3001,75,DIRT,1,0,11,29
576765,16954,PACR,2979,60,GRVL-G,0,0,15,33
242505,5348,PACV,7500,150,ASP,1,0,09,27
242506,5348,PACV,1934,30,GVL,0,0,16,34
248901,17058,PACY,4350,75,TURF-F,0,0,08,26
239661,5350,PADE,3320,75,GVL,1,0,03,21
239662,5350,PADE,2660,75,GVL,1,0,12,30
254636,16092,PADK,7790,200,ASPH-G,0,0,05,23
254637,16092,PADK,7605,200,ASPH-G,0,1,18,36
240508,5351,PADL,6400,150,ASP,1,0,01,19
240461,5352,PADM,3200,100,GVL,1,0,07,25
241471,5353,PADQ,5010,150,ASP,1,0,01,19
241469,5353,PADQ,7534,150,ASP,1,0,08,26
241470,5353,PADQ,5400,150,ASP,1,0,11,29
245769,5354,PADU,4500,100,ASP,1,0,13,31
257133,17155,PADY,2400,75,GRVL-P,0,0,01,19
251332,17176,PAEE,3243,60,GRVL-G,0,0,17,35
251048,17174,PAEG,3600,75,GRVL-F,0,0,07,25
239710,5358,PAEM,4601,100,GVL,1,0,16,34
242771,5359,PAEN,7855,150,ASP,1,0,02L,20R
242770,5359,PAEN,1980,75,GVL,0,0,02R,20L
250997,5359,PAEN,4600,240,WATER-E,0,0,2W,20W
506828,506827,PAEW,3300,75,GVL,1,0,12,30
249539,5360,PAFA,2900,75,GRVL,0,0,02,20
249540,5360,PAFA,11800,150,ASPH-G,0,0,02L,20R
249541,5360,PAFA,4510,75,ASPH-G,0,0,02R,20L
249542,5360,PAFA,5400,100,WATER,0,0,02W,20W
239679,5363,PAFM,4000,75,GVL,1,0,01,19
239678,5363,PAFM,2400,60,GVL,1,0,10,28
258093,17469,PAFS,4003,75,GRVL-G,0,0,04,22
244608,5365,PAGA,2600,50,GVL,0,0,06,24
244609,5365,PAGA,6000,100,PEM,1,0,08,26
253630,17595,PAGG,1835,40,GRVL-P,0,0,15,33
239682,5366,PAGH,4000,60,GVL,1,0,09,27
257590,5367,PAGK,5001,100,ASPH-G,0,0,15,33
257286,22694,PAGL,4000,75,GRAVEL-G,1,0,03,21
245466,5368,PAGM,4500,100,ASP,1,0,16,34
241321,5369,PAGS,3010,60,ASP,0,0,02,20
241322,5369,PAGS,6720,150,ASP,1,0,11,29
250402,17885,PAGT,3200,75,GRVL-P,0,0,03,21
255551,24574,PAGY,3550,75,ASPH-G,0,0,02,20
254311,17619,PAHC,4000,100,GRAVEL-G,1,0,02,20
239981,5370,PAHL,4000,75,GVL,1,0,03,21
243844,5372,PAHN,4000,100,ASP,1,0,08,26
243328,5373,PAHO,6701,150,ASP,1,0,04,22
243139,5374,PAHP,3300,75,ASP,1,0,13,31
248250,17656,PAHU,3380,100,GRAVEL-G,0,0,17,35
248296,17884,PAIG,3000,75,GRVL-F,0,0,05,23
239725,5375,PAII,1500,75,GVL,1,0,03,21
239726,5375,PAII,5600,100,GVL,1,0,12,30
239666,5376,PAIK,4000,75,GVL,1,0,07,25
239718,5377,PAIL,5086,100,ASP,1,0,08,26
239719,5377,PAIL,4800,100,ASP,1,0,18,36
251354,5377,PAIL,2998,400,WATER,0,0,E,W
251355,5377,PAIL,2892,400,WATER,0,0,N,S
239673,5378,PAIM,4100,150,GVL,1,0,07,25
254849,18251,PAIW,3990,75,GRAVEL-G,0,0,18,36
257090,16095,PAJC,2600,60,GRVL-G,0,0,02,20
240964,5379,PAJN,8857,150,ASP,1,0,08,26
254580,5379,PAJN,4800,150,WATER,0,0,08W,26W
256146,18300,PAJZ,3300,75,GRVL-F,0,0,09,27
257806,19891,PAKF,2100,75,GRVL-G,0,0,13,31
258017,16192,PAKH,3120,50,GRAVEL-G,0,0,04,22
256298,17979,PAKI,3200,60,GRAVEL-G,0,0,17,35
251644,20272,PAKK,3002,60,GRVL-G,0,0,01,19
256094,5380,PAKN,8901,150,ASPH-F,0,0,12,30
244940,5380,PAKN,4017,100,ASP,1,0,18,36
256095,5380,PAKN,4000,500,WATER,0,0,NW,SE
256876,17980,PAKO,3512,135,GRVL,0,0,08,26
257964,5381,PAKP,4800,100,GRAVEL-G,0,0,02,20
270891,5382,PAKT,7500,150,ASPH-G,1,0,11,29
250524,5382,PAKT,9500,1500,WATER,0,1,ESE,WNW
249748,19274,PAKV,3986,100,GRVL-G,0,0,03,21
240232,5383,PAKW,5000,100,ASP,1,0,02,20
248954,21434,PAKY,2000,60,GRVL-P,0,0,10,28
249616,9282,PALB,2690,75,GRVL-G,0,0,04,22
246959,20333,PALG,3198,75,GRVL-G,1,0,07,25
254922,25016,PALJ,3000,100,DIRT-GRVL,0,0,05,23
239658,5385,PALU,4800,135,GVL,0,0,09,27
252857,21843,PAMB,3300,75,GRVL-G,0,0,03,21
254446,21844,PAMC,2000,60,GRVL-G,0,0,05,23
254447,21844,PAMC,5936,100,ASPH-G,0,0,16,34
249893,5371,PAMH,4184,100,GVL,0,0,03,21
251074,24578,PAMK,4001,75,GRAVEL-G,0,0,02,20
246501,22107,PAML,3400,60,GRAVEL-F,1,0,18,36
248827,22305,PAMO,3501,75,GRVL-P,0,0,02,20
239854,5386,PAMR,2000,60,GVL,0,0,04,22
239855,5386,PAMR,4000,100,ASP,1,0,08,26
239856,5386,PAMR,2640,75,ASP,1,0,17,35
239702,5387,PAMY,3070,75,GVL,1,0,05,23
247496,25894,PANA,3248,60,GRAVEL-F,0,0,16,34
244713,5388,PANC,10600,150,ASP,1,0,07L,25R
244712,5388,PANC,12400,200,ASP,1,0,07R,25L
244714,5388,PANC,10865,200,ASP,1,0,15,33
247905,16291,PANI,3000,400,WATER,0,1,05W,23W
247906,16291,PANI,6200,100,ASPH-F,0,0,11,29
239665,5417,PANU,4011,100,GVL,1,0,03,21
239704,5392,PANV,4000,75,GVL,1,0,17,35
246392,20664,PANW,3281,75,GRVL-G,0,0,14,32
255597,23513,PAOB,4020,75,GRVL-G,0,0,09,27
254625,17654,PAOH,3367,75,ASPH-G,0,0,06,24
242583,5393,PAOM,6176,150,ASP,1,0,03,21
242584,5393,PAOM,6009,150,ASP,1,0,10,28
239709,24199,PAOO,3200,75,GVL,1,0,16,34
250056,5394,PAOR,5100,100,GRVL-DIRT-G,0,0,05,23
246505,5395,PAOT,6300,150,ASPH-G,1,0,09,27
243650,5395,PAOT,3800,90,GVL,1,0,17,35
252233,23953,PAOU,4003,75,TURF-GRVL - F,0,0,08,26
239715,5396,PAPB,4982,150,GVL,1,0,11,29
251619,24081,PAPE,3300,75,GRVL-G,0,0,02,20
241025,5398,PAPG,6400,150,ASP,1,0,05,23
239716,5399,PAPH,5000,100,GVL,1,0,05,23
239717,5399,PAPH,4000,100,GVL,1,0,13,31
239698,24205,PAPK,3000,60,GVL,1,0,02,20
254402,24205,PAPK,15000,2000,WATER,0,1,09W,27W
239720,5400,PAPM,1924,50,GVL,0,1,09,27
239721,5400,PAPM,5000,75,GVL,1,0,14,32
252396,24197,PAPN,3280,75,GRVL-G,0,0,07,25
252366,24089,PAPO,4000,75,ASPH-F,1,0,03,21
256044,16293,PAQH,4000,75,GRVL,0,0,12,30
239655,5401,PAQT,4343,90,GVL,1,0,04,22
239653,5402,PARC,4500,75,GVL,1,0,02,20
256207,24365,PARS,3600,100,GRAVEL-G,0,0,17,35
256208,24365,PARS,3000,500,WATER,0,0,18W,36W
239676,5403,PARY,4000,100,GVL,1,0,03,21
239703,5404,PASA,4400,100,GVL,1,0,05,23
254802,5405,PASC,6500,150,ASPH-G,0,0,05,23
245762,5406,PASD,4000,150,ASP,1,0,13,31
240854,5407,PASH,4997,73,ASP,1,0,05,23
245717,5408,PASI,7200,150,ASP,1,0,11,29
253716,5384,PASK,3002,60,GRAVEL-G,0,0,04,22
239667,5384,PASK,2659,60,GVL,1,0,09,27
252683,24577,PASL,3100,60,GRAVEL-G,0,0,14,32
239705,5409,PASM,1520,60,GVL,1,0,07,25
239706,5409,PASM,5997,150,GVL,1,0,17,35
239713,5410,PASN,6500,150,ASP,1,0,18,36
247777,24675,PASO,1845,80,GRVL-G,0,0,16,34
247780,24807,PATA,4400,100,GRVL-P,0,0,07,25
257776,25014,PATC,4702,100,GRVL,0,0,17,35
249795,24908,PATE,2983,60,GRVL-G,1,0,08,26
239723,5414,PATG,4400,75,GVL,1,0,03,21
239724,5414,PATG,982,59,GVL,0,0,10,28
239654,5416,PATQ,4370,90,GVL,1,0,07,25
257393,16387,PAUK,4000,75,GRVL-DIRT-G,1,0,16,34
239697,5389,PAUN,1900,75,ASPH,1,0,09,27
254762,5389,PAUN,5900,150,ASPH,1,0,15,33
346949,308030,PAUT,4500,75,ASP,1,0,09,27
248656,25432,PAVA,3220,75,GRVL-G,0,0,02,20
248657,25432,PAVA,2000,400,WATER-E,0,1,18W,36W
253770,21313,PAVC,3500,115,TURF-GRVL - G,1,0,08,26
245841,5418,PAVD,6500,150,ASP,1,0,06,24
247312,25434,PAVE,4000,75,GRVL-DIRT-E,0,0,04,22
239668,5419,PAVL,3000,60,GVL,1,0,12,30
248754,25693,PAWB,3934,75,GRVL-F,0,0,05,23
242394,5421,PAWG,6000,150,ASP,1,0,10,28
240855,5422,PAWI,4494,90,GVL,1,0,05,23
251219,25794,PAWM,3000,60,GRVL-G,0,0,15,33
254652,5423,PAWN,3992,60,GRAVEL-G,0,0,01,19
253130,26343,PAYA,6475,150,CONC-F,0,0,02,20
253131,26343,PAYA,7732,150,ASPH-G,0,0,11,29
247636,16191,PFAK,3200,76,GRVL-G,0,0,03,21
250579,13176,PFAL,4000,100,GRVL-G,0,0,05,23
252007,16509,PFCB,3000,75,GRAVEL-G,0,0,15,33
254488,16820,PFCL,3200,60,GRVL,0,0,18,36
258145,17177,PFEL,3401,60,GRVL-G,0,0,01,19
246859,26344,PFKA,3000,60,GRVL-G,0,0,17,35
246610,15766,PFKK,3300,75,GRVL-G,1,0,07,25
257685,9286,PFKO,4400,100,GRVL,0,0,02,20
251476,21224,PFKT,2110,75,GRVL-G,0,0,04,22
251477,21224,PFKT,2990,100,GRVL-E,0,0,11,29
257086,21435,PFKU,4000,75,GRVL-DIRT-G,1,0,07,25
249125,21383,PFKW,3199,75,GRVL-G,0,0,18,36
254607,17087,PFNO,4000,100,GRVL-E,0,0,06,24
251656,9334,PFSH,4001,75,GRVL-G,0,0,14,32
254994,13322,PFTO,2509,50,ASPH-P,0,0,07,25
250881,25982,PFWS,2264,60,GRVL-F,0,0,04,22
250882,25982,PFWS,3314,60,GRVL-DIRT-F,0,0,12,30
251064,5429,PFYU,5000,100,GRVL-G,0,0,04,22
254042,24085,PGM,1975,45,GRVL-DIRT-G,0,0,12,30
240110,5444,PHHN,3606,100,ASP,1,0,08,26
244963,5446,PHJH,3000,100,ASP,0,0,02,20
241261,5448,PHKO,11000,150,ASP,1,0,17,35
242399,5449,PHLI,6500,150,ASP,1,0,03,21
242400,5449,PHLI,6500,150,ASP,1,0,17,35
249622,21732,PHLU,2700,75,ASPH-G,0,0,05,23
243856,5450,PHMK,4494,100,ASP,1,0,05,23
243857,5450,PHMK,3118,100,ASP,1,0,17,35
241680,5451,PHMU,5197,100,ASP,1,0,04,22
253727,5453,PHNL,6955,150,ASPH-G,0,0,04L,22R
253728,5453,PHNL,9002,150,ASPH-G,0,0,04R,22L
253729,5453,PHNL,3000,150,WATER,0,0,04W,22W
253730,5453,PHNL,12360,200,ASPH-G,0,0,08L,26R
253731,5453,PHNL,12000,200,ASPH-G,0,0,08R,26L
253732,5453,PHNL,5090,300,WATER,0,0,08W,26W
245659,5454,PHNY,5001,150,ASP,1,0,03,21
240429,5455,PHOG,6998,150,ASP,1,0,02,20
240430,5455,PHOG,4980,150,ASP,1,0,05,23
239663,5457,PHTO,5600,150,ASP,1,0,03,21
239664,5457,PHTO,9800,150,ASP,1,0,08,26
239659,5495,PPIZ,3519,80,GVL,1,0,05,23
257611,24340,RDV,4820,75,GRVL-G,0,0,10,28
257645,24363,RMP,3520,75,GRVL-G,0,0,11,29
248167,24373,S31,2905,61,ASPH-G,0,0,16,34
255486,24676,SRV,2601,40,GRVL-DIRT-F,0,0,18,36
256356,24677,SVS,4000,75,GRVL-G,0,0,05,23
252227,24678,SXP,3015,60,GRAVEL-G,0,0,01,19
252228,24678,SXP,15000,2000,WATER,0,0,09W,27W
252229,24678,SXP,15000,2000,WATER,0,0,18W,36W
256386,24808,TCT,3300,60,GRAVEL-F,1,0,04,22
253225,24914,TLT,2461,30,GRVL-DIRT-F,0,1,02,20
356528,24914,TLT,3300,60,Gravel,1,0,15,33
244864,25606,WA09,4300,35,ASP,1,0,06,24
249492,25606,WA09,3593,30,ASPH-F,0,0,07,25
252040,25692,WBB,2999,60,GRVL-G,0,0,05,23
246420,25802,WN07,2550,75,GRVL-TURF,0,0,15,33
255803,26345,Z13,1649,40,GRVL-F,0,0,11,29
257747,26365,Z91,4000,75,GRAVEL-G,1,0,16,34
